Feature,Importance,Std
away_shots_for_ewm10,0.031468531468531444,0.01594650944194599
home_goals_against_l5,0.02097902097902097,0.011701538832644416
home_shots_for_ewm10,0.020979020979020956,0.012703428059150312
home_goals_for_l5,0.01958041958041956,0.004195804195804213
home_shots_against_ewm10,0.018881118881118875,0.01573038025063215
away_goal_diff_l10,0.018881118881118875,0.00844968249901719
away_goals_against_l5,0.017482517482517466,0.012509471202796024
home_rest_days,0.01678321678321677,0.010923426120149167
away_rest_days,0.01678321678321677,0.01352383189217742
away_points_l5,0.01678321678321676,0.00640919677616202
away_goals_for_l5,0.012587412587412573,0.009537189997892204
home_goal_diff_l10,0.0062937062937062915,0.010466174508458574
home_points_l5,0.00629370629370628,0.005594405594405583
away_shots_against_ewm10,0.004195804195804176,0.009485776200175197
away_history_n,0.002797202797202791,0.004077588737654048
PPH,0.0,0.0
PPD,0.0,0.0
PPA,0.0,0.0
SKBH,0.0,0.0
SKBCA,0.0,0.0
SKBCD,0.0,0.0
SKBA,0.0,0.0
PPCH,0.0,0.0
PPCD,0.0,0.0
PPCA,0.0,0.0
SKBCH,0.0,0.0
AwayRestDays,0.0,0.0
SKBD,0.0,0.0
HomeRestDays,0.0,0.0
HomeTeamPointsLast5,0.0,0.0
AwayTeamPointsLast5,0.0,0.0
home_clean_sheet_l10,-0.000699300699300709,0.012970095797896083
away_clean_sheet_l10,-0.000699300699300709,0.004077588737654065
home_history_n,-0.005594405594405616,0.006096362158798158
