Feature,Mean_SHAP
home_shots_for_ewm10,0.3794488
away_shots_for_ewm10,0.34497356
away_goal_diff_l10,0.29913363
away_history_n,0.24520276
away_shots_against_ewm10,0.23497279
home_shots_against_ewm10,0.23113668
home_history_n,0.21963008
away_rest_days,0.18393743
home_rest_days,0.18176101
home_goal_diff_l10,0.17331433
away_points_l5,0.16208039
away_goals_for_l5,0.15009592
away_goals_against_l5,0.13442944
home_clean_sheet_l10,0.11986207
home_goals_against_l5,0.11418428
home_points_l5,0.11376226
home_goals_for_l5,0.10542882
away_clean_sheet_l10,0.102034576
PPD,0.0
PPH,0.0
SKBCA,0.0
SKBCD,0.0
PPCH,0.0
PPCD,0.0
PPCA,0.0
SKBCH,0.0
SKBH,0.0
PPA,0.0
SKBD,0.0
SKBA,0.0
HomeTeamPointsLast5,0.0
AwayTeamPointsLast5,0.0
HomeRestDays,0.0
AwayRestDays,0.0
