match_id	league_id	season	match_date	kickoff_utc	status	home_team_id_provider	away_team_id_provider	home_team_name_provider	away_team_name_provider	home_team	away_team	score_home	score_away	round_name	observed_at	provider_schema_version	league_key	fixture_id	home_team_id	away_team_id
m_3M4Akt	l_0S1uaf	2026/2027	2026-08-14	2026-08-14T18:30:00+00:00	finished	t_15TWxO	t_2SLZgT	Galatasaray	Çorum FK	Galatasaray	Çorum FK	2.0	2.0		2026-10-02T15:39:48.405121+00:00	2	turkey			
m_0fqvi2	l_0S1uaf	2026/2027	2026-08-15	2026-08-15T16:00:00+00:00	finished	t_0Re9DV	t_3DwdkH	Kasımpaşa	Trabzonspor	Kasımpaşa	Trabzonspor	1.0	1.0		2026-10-02T15:39:48.405121+00:00	2	turkey			
m_3UP3BU	l_0S1uaf	2026/2027	2026-08-15	2026-08-15T16:00:00+00:00	finished	t_1O0f4S	t_1BOam4	Konyaspor	Rizespor	Konyaspor	Rizespor	0.0	1.0		2026-10-02T15:39:48.405121+00:00	2	turkey	fx:844d0c114e3523a2274e	turkey:konyaspor	turkey:rizespor
m_11PLn8	l_0S1uaf	2026/2027	2026-08-15	2026-08-15T18:30:00+00:00	finished	t_13kqMs	t_0UHTp8	Gaziantep FK	Alanyaspor	Gaziantep FK	Alanyaspor	1.0	1.0		2026-10-02T15:39:48.405121+00:00	2	turkey	fx:aeadca58a80c8ad62598	turkey:gaziantep	turkey:alanyaspor
m_3kRYmL	l_0S1uaf	2026/2027	2026-08-15	2026-08-15T18:30:00+00:00	finished	t_1AQRlk	t_2wJJY2	Gençlerbirliği	Fenerbahçe	Gençlerbirliği	Fenerbahçe	2.0	1.0		2026-10-02T15:39:48.405121+00:00	2	turkey	fx:acc5499e5d804452e55f	turkey:genclerbirligi	turkey:fenerbahce
m_3k7oPe	l_0S1uaf	2026/2027	2026-08-16	2026-08-16T16:00:00+00:00	finished	t_0vXWmF	t_1rIGha	Başakşehir	Kocaelispor	Başakşehir	Kocaelispor	2.0	0.0		2026-10-02T15:39:48.405121+00:00	2	turkey			
m_1Diz5g	l_0S1uaf	2026/2027	2026-08-16	2026-08-16T18:30:00+00:00	finished	t_0QAIlC	t_2KgWmI	Beşiktaş	Eyüpspor	Beşiktaş	Eyüpspor	1.0	0.0		2026-10-02T15:39:48.405121+00:00	2	turkey	fx:6a31bc790e8ce4aa97e0	turkey:besiktas	turkey:eyupspor
m_1szdX3	l_0S1uaf	2026/2027	2026-08-16	2026-08-16T18:30:00+00:00	finished	t_2T2HF1	t_2xuoCT	Amed Sportif	Erzurumspor FK	Amed Sportif	Erzurumspor FK	3.0	0.0		2026-10-02T15:39:48.405121+00:00	2	turkey			
m_0plm13	l_0S1uaf	2026/2027	2026-08-17	2026-08-17T18:30:00+00:00	finished	t_3ecBqd	t_2xIP6M	Samsunspor	Göztepe	Samsunspor	Göztepe	3.0	3.0		2026-10-02T15:39:48.405121+00:00	2	turkey	fx:8857040071af0c43ea01	turkey:samsunspor	turkey:goztep
m_0g0U7l	l_0S1uaf	2026/2027	2026-08-21	2026-08-21T18:30:00+00:00	finished	t_2xuoCT	t_15TWxO	Erzurumspor FK	Galatasaray	Erzurumspor FK	Galatasaray	0.0	4.0		2026-10-02T15:39:48.405121+00:00	2	turkey			
m_0OtMe7	l_0S1uaf	2026/2027	2026-08-22	2026-08-22T16:00:00+00:00	finished	t_1BOam4	t_3ecBqd	Rizespor	Samsunspor	Rizespor	Samsunspor	0.0	2.0		2026-10-02T15:39:48.405121+00:00	2	turkey	fx:cc1199ede9d475f30300	turkey:rizespor	turkey:samsunspor
m_1wUrcp	l_0S1uaf	2026/2027	2026-08-22	2026-08-22T16:00:00+00:00	finished	t_2SLZgT	t_0Re9DV	Çorum FK	Kasımpaşa	Çorum FK	Kasımpaşa	0.0	1.0		2026-10-02T15:39:48.405121+00:00	2	turkey			
m_2I7rj1	l_0S1uaf	2026/2027	2026-08-22	2026-08-22T18:30:00+00:00	finished	t_2wJJY2	t_1O0f4S	Fenerbahçe	Konyaspor	Fenerbahçe	Konyaspor	4.0	2.0		2026-10-02T15:39:48.405121+00:00	2	turkey	fx:d0bad11b8d64726ac39c	turkey:fenerbahce	turkey:konyaspor
m_3rkKah	l_0S1uaf	2026/2027	2026-08-23	2026-08-23T16:00:00+00:00	finished	t_3DwdkH	t_0vXWmF	Trabzonspor	Başakşehir	Trabzonspor	Başakşehir	2.0	1.0		2026-10-02T15:39:48.405121+00:00	2	turkey			
m_4QT1Er	l_0S1uaf	2026/2027	2026-08-23	2026-08-23T16:00:00+00:00	finished	t_2KgWmI	t_13kqMs	Eyüpspor	Gaziantep FK	Eyüpspor	Gaziantep FK	0.0	1.0		2026-10-02T15:39:48.405121+00:00	2	turkey	fx:f469f7fef7e0993fff1f	turkey:eyupspor	turkey:gaziantep
m_3ZyrkY	l_0S1uaf	2026/2027	2026-08-23	2026-08-23T18:30:00+00:00	finished	t_0UHTp8	t_0QAIlC	Alanyaspor	Beşiktaş	Alanyaspor	Beşiktaş	1.0	0.0		2026-10-02T15:39:48.405121+00:00	2	turkey	fx:cf445544320128bf2e46	turkey:alanyaspor	turkey:besiktas
m_3cQyWA	l_0S1uaf	2026/2027	2026-08-23	2026-08-23T18:30:00+00:00	finished	t_2xIP6M	t_1AQRlk	Göztepe	Gençlerbirliği	Göztepe	Gençlerbirliği	0.0	1.0		2026-10-02T15:39:48.405121+00:00	2	turkey	fx:c2b42c965755bf35044f	turkey:goztep	turkey:genclerbirligi
m_14tbQ2	l_0S1uaf	2026/2027	2026-08-24	2026-08-24T18:30:00+00:00	finished	t_1rIGha	t_2T2HF1	Kocaelispor	Amed Sportif	Kocaelispor	Amed Sportif	2.0	0.0		2026-10-02T15:39:48.405121+00:00	2	turkey			
m_1Uwl9V	l_0S1uaf	2026/2027	2026-08-28	2026-08-28T18:30:00+00:00	finished	t_1AQRlk	t_2xuoCT	Gençlerbirliği	Erzurumspor FK	Gençlerbirliği	Erzurumspor FK	1.0	1.0		2026-10-02T15:39:48.405121+00:00	2	turkey			
m_3AJ95i	l_0S1uaf	2026/2027	2026-08-29	2026-08-29T16:00:00+00:00	finished	t_1O0f4S	t_1rIGha	Konyaspor	Kocaelispor	Konyaspor	Kocaelispor	1.0	2.0		2026-10-02T15:39:48.405121+00:00	2	turkey	fx:db867f61c2d24980a4a4	turkey:konyaspor	turkey:kocaelispor
m_0dEKAw	l_0S1uaf	2026/2027	2026-08-29	2026-08-29T18:30:00+00:00	finished	t_15TWxO	t_2xIP6M	Galatasaray	Göztepe	Galatasaray	Göztepe	3.0	2.0		2026-10-02T15:39:48.405121+00:00	2	turkey	fx:6137081bff6af9c85532	turkey:galatasaray	turkey:goztep
m_1MFi3P	l_0S1uaf	2026/2027	2026-08-29	2026-08-29T18:30:00+00:00	finished	t_13kqMs	t_1BOam4	Gaziantep FK	Rizespor	Gaziantep FK	Rizespor	1.0	2.0		2026-10-02T15:39:48.405121+00:00	2	turkey	fx:32b8b615c94ec7aab495	turkey:gaziantep	turkey:rizespor
m_07t114	l_0S1uaf	2026/2027	2026-08-30	2026-08-30T16:00:00+00:00	finished	t_2KgWmI	t_0UHTp8	Eyüpspor	Alanyaspor	Eyüpspor	Alanyaspor	2.0	1.0		2026-10-02T15:39:48.405121+00:00	2	turkey	fx:7b991b4b3699537c8c99	turkey:eyupspor	turkey:alanyaspor
m_1j1eXU	l_0S1uaf	2026/2027	2026-08-30	2026-08-30T18:30:00+00:00	finished	t_3ecBqd	t_2wJJY2	Samsunspor	Fenerbahçe	Samsunspor	Fenerbahçe	0.0	2.0		2026-10-02T15:39:48.405121+00:00	2	turkey	fx:73b2da3933fdafde7984	turkey:samsunspor	turkey:fenerbahce
m_2B8KeG	l_0S1uaf	2026/2027	2026-08-30	2026-08-30T18:30:00+00:00	finished	t_0vXWmF	t_0Re9DV	Başakşehir	Kasımpaşa	Başakşehir	Kasımpaşa	1.0	1.0		2026-10-02T15:39:48.405121+00:00	2	turkey			
m_1iUvpj	l_0S1uaf	2026/2027	2026-08-31	2026-08-31T18:30:00+00:00	finished	t_2T2HF1	t_3DwdkH	Amed Sportif	Trabzonspor	Amed Sportif	Trabzonspor	2.0	1.0		2026-10-02T15:39:48.405121+00:00	2	turkey			
m_2BctrW	l_0S1uaf	2026/2027	2026-08-31	2026-08-31T18:30:00+00:00	finished	t_0QAIlC	t_2SLZgT	Beşiktaş	Çorum FK	Beşiktaş	Çorum FK	6.0	2.0		2026-10-02T15:39:48.405121+00:00	2	turkey			
m_3EYUK2	l_0S1uaf	2026/2027	2026-09-04	2026-09-04T17:00:00+00:00	finished	t_0vXWmF	t_15TWxO	Başakşehir	Galatasaray	Başakşehir	Galatasaray	2.0	3.0		2026-10-02T15:39:48.405121+00:00	2	turkey			
m_0VOBtS	l_0S1uaf	2026/2027	2026-09-05	2026-09-05T14:00:00+00:00	finished	t_2xuoCT	t_1O0f4S	Erzurumspor FK	Konyaspor	Erzurumspor FK	Konyaspor	1.0	0.0		2026-10-02T15:39:48.405121+00:00	2	turkey			
m_2jx9pd	l_0S1uaf	2026/2027	2026-09-05	2026-09-05T17:00:00+00:00	finished	t_2wJJY2	t_0QAIlC	Fenerbahçe	Beşiktaş	Fenerbahçe	Beşiktaş	1.0	2.0		2026-10-02T15:39:48.405121+00:00	2	turkey	fx:71f99eb547f0e5b5d0af	turkey:fenerbahce	turkey:besiktas
m_28QPsl	l_0S1uaf	2026/2027	2026-09-06	2026-09-06T14:00:00+00:00	finished	t_0Re9DV	t_2T2HF1	Kasımpaşa	Amed Sportif	Kasımpaşa	Amed Sportif	2.0	2.0		2026-10-02T15:39:48.405121+00:00	2	turkey			
m_2H6xDl	l_0S1uaf	2026/2027	2026-09-06	2026-09-06T14:00:00+00:00	finished	t_2SLZgT	t_2KgWmI	Çorum FK	Eyüpspor	Çorum FK	Eyüpspor	3.0	0.0		2026-10-02T15:39:48.405121+00:00	2	turkey			
m_01rDrk	l_0S1uaf	2026/2027	2026-09-06	2026-09-06T17:00:00+00:00	finished	t_3DwdkH	t_1AQRlk	Trabzonspor	Gençlerbirliği	Trabzonspor	Gençlerbirliği	5.0	0.0		2026-10-02T15:39:48.405121+00:00	2	turkey	fx:c961455aa60c935b06c5	turkey:trabzonspor	turkey:genclerbirligi
m_1GrkgX	l_0S1uaf	2026/2027	2026-09-06	2026-09-06T17:00:00+00:00	finished	t_1rIGha	t_3ecBqd	Kocaelispor	Samsunspor	Kocaelispor	Samsunspor	1.0	0.0		2026-10-02T15:39:48.405121+00:00	2	turkey	fx:bcaa514551f2567dab10	turkey:kocaelispor	turkey:samsunspor
m_0bpoHI	l_0S1uaf	2026/2027	2026-09-07	2026-09-07T17:00:00+00:00	finished	t_2xIP6M	t_13kqMs	Göztepe	Gaziantep FK	Göztepe	Gaziantep FK	2.0	4.0		2026-10-02T15:39:48.405121+00:00	2	turkey	fx:7d3dcce243370e2dc612	turkey:goztep	turkey:gaziantep
m_3DMHuM	l_0S1uaf	2026/2027	2026-09-07	2026-09-07T17:00:00+00:00	finished	t_1BOam4	t_0UHTp8	Rizespor	Alanyaspor	Rizespor	Alanyaspor	0.0	1.0		2026-10-02T15:39:48.405121+00:00	2	turkey	fx:04399989384c0d421e4a	turkey:rizespor	turkey:alanyaspor
m_1xoetg	l_0S1uaf	2026/2027	2026-09-11	2026-09-11T17:00:00+00:00	finished	t_0QAIlC	t_2xuoCT	Beşiktaş	Erzurumspor FK	Beşiktaş	Erzurumspor FK	3.0	0.0		2026-10-02T15:39:48.405121+00:00	2	turkey			
m_0VmT9G	l_0S1uaf	2026/2027	2026-09-12	2026-09-12T14:00:00+00:00	finished	t_2KgWmI	t_1BOam4	Eyüpspor	Rizespor	Eyüpspor	Rizespor	0.0	2.0		2026-10-02T15:39:48.405121+00:00	2	turkey	fx:d6920a4c96cdaa56e923	turkey:eyupspor	turkey:rizespor
m_35c76t	l_0S1uaf	2026/2027	2026-09-12	2026-09-12T14:00:00+00:00	finished	t_3ecBqd	t_2SLZgT	Samsunspor	Çorum FK	Samsunspor	Çorum FK	1.0	5.0		2026-10-02T15:39:48.405121+00:00	2	turkey			
m_2meSA6	l_0S1uaf	2026/2027	2026-09-12	2026-09-12T17:00:00+00:00	finished	t_0UHTp8	t_2xIP6M	Alanyaspor	Göztepe	Alanyaspor	Göztepe	2.0	2.0		2026-10-02T15:39:48.405121+00:00	2	turkey	fx:4cd10ddf8284384b88c3	turkey:alanyaspor	turkey:goztep
m_3Am6Jk	l_0S1uaf	2026/2027	2026-09-12	2026-09-12T17:00:00+00:00	finished	t_1O0f4S	t_3DwdkH	Konyaspor	Trabzonspor	Konyaspor	Trabzonspor	1.0	0.0		2026-10-02T15:39:48.405121+00:00	2	turkey	fx:831be342a8d0878cc7b2	turkey:konyaspor	turkey:trabzonspor
m_1j6OfL	l_0S1uaf	2026/2027	2026-09-13	2026-09-13T14:00:00+00:00	finished	t_1AQRlk	t_0Re9DV	Gençlerbirliği	Kasımpaşa	Gençlerbirliği	Kasımpaşa	1.0	2.0		2026-10-02T15:39:48.405121+00:00	2	turkey			
m_1OnCvm	l_0S1uaf	2026/2027	2026-09-13	2026-09-13T17:00:00+00:00	finished	t_2T2HF1	t_0vXWmF	Amed Sportif	Başakşehir	Amed Sportif	Başakşehir	5.0	0.0		2026-10-02T15:39:48.405121+00:00	2	turkey			
m_3wgssq	l_0S1uaf	2026/2027	2026-09-13	2026-09-13T17:00:00+00:00	finished	t_15TWxO	t_1rIGha	Galatasaray	Kocaelispor	Galatasaray	Kocaelispor	1.0	0.0		2026-10-02T15:39:48.405121+00:00	2	turkey	fx:0bd3fd112ab588730138	turkey:galatasaray	turkey:kocaelispor
m_0u8sWt	l_0S1uaf	2026/2027	2026-09-14	2026-09-14T17:00:00+00:00	finished	t_13kqMs	t_2wJJY2	Gaziantep FK	Fenerbahçe	Gaziantep FK	Fenerbahçe	0.0	0.0		2026-10-02T15:39:48.405121+00:00	2	turkey	fx:ad4552b10e15f340cd68	turkey:gaziantep	turkey:fenerbahce
m_4Ay65n	l_0S1uaf	2026/2027	2026-09-18	2026-09-18T17:00:00+00:00	finished	t_0Re9DV	t_1O0f4S	Kasımpaşa	Konyaspor	Kasımpaşa	Konyaspor	0.0	0.0		2026-10-02T15:39:48.405121+00:00	2	turkey			
m_0M4yyA	l_0S1uaf	2026/2027	2026-09-19	2026-09-19T14:00:00+00:00	finished	t_1rIGha	t_13kqMs	Kocaelispor	Gaziantep FK	Kocaelispor	Gaziantep FK	2.0	0.0		2026-10-02T15:39:48.405121+00:00	2	turkey	fx:d4bfb711b72f1fb6d7a9	turkey:kocaelispor	turkey:gaziantep
m_0qBpNT	l_0S1uaf	2026/2027	2026-09-19	2026-09-19T14:00:00+00:00	finished	t_2SLZgT	t_0UHTp8	Çorum FK	Alanyaspor	Çorum FK	Alanyaspor	1.0	2.0		2026-10-02T15:39:48.405121+00:00	2	turkey			
m_2oMdb9	l_0S1uaf	2026/2027	2026-09-19	2026-09-19T17:00:00+00:00	finished	t_3DwdkH	t_15TWxO	Trabzonspor	Galatasaray	Trabzonspor	Galatasaray	4.0	0.0		2026-10-02T15:39:48.405121+00:00	2	turkey	fx:c92956d4a298f58ad595	turkey:trabzonspor	turkey:galatasaray
m_2x5lT3	l_0S1uaf	2026/2027	2026-09-19	2026-09-19T17:00:00+00:00	finished	t_0vXWmF	t_1AQRlk	Başakşehir	Gençlerbirliği	Başakşehir	Gençlerbirliği	4.0	0.0		2026-10-02T15:39:48.405121+00:00	2	turkey			
m_1Rm1HV	l_0S1uaf	2026/2027	2026-09-20	2026-09-20T14:00:00+00:00	finished	t_2xuoCT	t_3ecBqd	Erzurumspor FK	Samsunspor	Erzurumspor FK	Samsunspor	1.0	0.0		2026-10-02T15:39:48.405121+00:00	2	turkey			
m_1xtgsw	l_0S1uaf	2026/2027	2026-09-20	2026-09-20T14:00:00+00:00	finished	t_2wJJY2	t_2KgWmI	Fenerbahçe	Eyüpspor	Fenerbahçe	Eyüpspor	8.0	0.0		2026-10-02T15:39:48.405121+00:00	2	turkey	fx:cf3165c5386b21bad697	turkey:fenerbahce	turkey:eyupspor
m_1ZgcbS	l_0S1uaf	2026/2027	2026-09-20	2026-09-20T17:00:00+00:00	finished	t_2xIP6M	t_1BOam4	Göztepe	Rizespor	Göztepe	Rizespor	2.0	2.0		2026-10-02T15:39:48.405121+00:00	2	turkey	fx:538e768d50737c3425c2	turkey:goztep	turkey:rizespor
m_4I3qAo	l_0S1uaf	2026/2027	2026-09-20	2026-09-20T17:00:00+00:00	finished	t_2T2HF1	t_0QAIlC	Amed Sportif	Beşiktaş	Amed Sportif	Beşiktaş	3.0	2.0		2026-10-02T15:39:48.405121+00:00	2	turkey			
m_1dT46x	l_0S1uaf	2026/2027	2026-10-09	2026-10-09T17:00:00+00:00	not_started	t_15TWxO	t_0Re9DV	Galatasaray	Kasımpaşa	Galatasaray	Kasımpaşa				2026-10-02T15:53:44.006339+00:00	2	turkey	turkey:espn:401888280	turkey:galatasaray	turkey:kasimpasa
m_208420	l_0S1uaf	2026/2027	2026-10-10	2026-10-10T10:30:00+00:00	not_started	t_1AQRlk	t_2T2HF1	Gençlerbirliği	Amed Sportif	Gençlerbirliği	Amed Sportif				2026-10-02T15:53:44.006339+00:00	2	turkey			
m_0lfjea	l_0S1uaf	2026/2027	2026-10-10	2026-10-10T13:00:00+00:00	not_started	t_3ecBqd	t_3DwdkH	Samsunspor	Trabzonspor	Samsunspor	Trabzonspor				2026-10-02T15:53:44.006339+00:00	2	turkey	turkey:espn:401888278	turkey:samsunspor	turkey:trabzonspor
m_3UVtIr	l_0S1uaf	2026/2027	2026-10-10	2026-10-10T13:00:00+00:00	not_started	t_0UHTp8	t_2xuoCT	Alanyaspor	Erzurumspor FK	Alanyaspor	Erzurumspor FK				2026-10-02T15:53:44.006339+00:00	2	turkey			
m_2RpIWF	l_0S1uaf	2026/2027	2026-10-10	2026-10-10T16:00:00+00:00	not_started	t_1BOam4	t_2wJJY2	Rizespor	Fenerbahçe	Rizespor	Fenerbahçe				2026-10-02T15:53:44.006339+00:00	2	turkey	turkey:espn:401888282	turkey:rizespor	turkey:fenerbahce
m_3s55Uo	l_0S1uaf	2026/2027	2026-10-11	2026-10-11T10:30:00+00:00	not_started	t_1O0f4S	t_0vXWmF	Konyaspor	Başakşehir	Konyaspor	Başakşehir				2026-10-02T15:53:44.006339+00:00	2	turkey	turkey:espn:401888281	turkey:konyaspor	turkey:buyuksehyr
m_0sAmks	l_0S1uaf	2026/2027	2026-10-11	2026-10-11T13:00:00+00:00	not_started	t_13kqMs	t_2SLZgT	Gaziantep FK	Çorum FK	Gaziantep FK	Çorum FK				2026-10-02T15:53:44.006339+00:00	2	turkey	turkey:espn:401888380	turkey:gaziantep	turkey:corum-fk
m_1HPX5u	l_0S1uaf	2026/2027	2026-10-11	2026-10-11T16:00:00+00:00	not_started	t_0QAIlC	t_1rIGha	Beşiktaş	Kocaelispor	Beşiktaş	Kocaelispor				2026-10-02T15:53:44.006339+00:00	2	turkey	turkey:espn:401888279	turkey:besiktas	turkey:kocaelispor
m_0v4NPK	l_0S1uaf	2026/2027	2026-10-12	2026-10-12T17:00:00+00:00	not_started	t_2KgWmI	t_2xIP6M	Eyüpspor	Göztepe	Eyüpspor	Göztepe				2026-10-02T15:53:44.006339+00:00	2	turkey	turkey:espn:401888284	turkey:eyupspor	turkey:goztep
m_0nHQhB	l_0S1uaf	2026/2027	2026-10-16	2026-10-16T17:00:00+00:00	not_started	t_2SLZgT	t_1BOam4	Çorum FK	Rizespor	Çorum FK	Rizespor				2026-10-02T15:53:44.006339+00:00	2	turkey	turkey:espn:401888377	turkey:corum-fk	turkey:rizespor
m_3EHmG2	l_0S1uaf	2026/2027	2026-10-17	2026-10-17T10:30:00+00:00	not_started	t_2xuoCT	t_2KgWmI	Erzurumspor FK	Eyüpspor	Erzurumspor FK	Eyüpspor				2026-10-02T15:53:44.006339+00:00	2	turkey			
m_1H4QXY	l_0S1uaf	2026/2027	2026-10-17	2026-10-17T13:00:00+00:00	not_started	t_2T2HF1	t_1O0f4S	Amed Sportif	Konyaspor	Amed Sportif	Konyaspor				2026-10-02T15:53:44.006339+00:00	2	turkey			
m_1zEIDP	l_0S1uaf	2026/2027	2026-10-17	2026-10-17T13:00:00+00:00	not_started	t_1AQRlk	t_15TWxO	Gençlerbirliği	Galatasaray	Gençlerbirliği	Galatasaray				2026-10-02T15:53:44.006339+00:00	2	turkey	turkey:espn:401888274	turkey:genclerbirligi	turkey:galatasaray
m_2x5NnQ	l_0S1uaf	2026/2027	2026-10-17	2026-10-17T16:00:00+00:00	not_started	t_2wJJY2	t_0UHTp8	Fenerbahçe	Alanyaspor	Fenerbahçe	Alanyaspor				2026-10-02T15:53:44.006339+00:00	2	turkey	turkey:espn:401888273	turkey:fenerbahce	turkey:alanyaspor
m_23c9Wt	l_0S1uaf	2026/2027	2026-10-18	2026-10-18T10:30:00+00:00	not_started	t_0Re9DV	t_3ecBqd	Kasımpaşa	Samsunspor	Kasımpaşa	Samsunspor				2026-10-02T15:53:44.006339+00:00	2	turkey	turkey:espn:401888276	turkey:kasimpasa	turkey:samsunspor
m_0yauUM	l_0S1uaf	2026/2027	2026-10-18	2026-10-18T13:00:00+00:00	not_started	t_1rIGha	t_2xIP6M	Kocaelispor	Göztepe	Kocaelispor	Göztepe				2026-10-02T15:53:44.006339+00:00	2	turkey	turkey:espn:401888272	turkey:kocaelispor	turkey:goztep
m_0AXnFJ	l_0S1uaf	2026/2027	2026-10-18	2026-10-18T16:00:00+00:00	not_started	t_0vXWmF	t_13kqMs	Başakşehir	Gaziantep FK	Başakşehir	Gaziantep FK				2026-10-02T15:53:44.006339+00:00	2	turkey	turkey:espn:401888275	turkey:buyuksehyr	turkey:gaziantep
m_1iEOsi	l_0S1uaf	2026/2027	2026-10-19	2026-10-19T17:00:00+00:00	not_started	t_3DwdkH	t_0QAIlC	Trabzonspor	Beşiktaş	Trabzonspor	Beşiktaş				2026-10-02T15:53:44.006339+00:00	2	turkey	turkey:espn:401888277	turkey:trabzonspor	turkey:besiktas
m_0YbCcI	l_0S1uaf	2026/2027	2026-10-23	2026-10-23T17:00:00+00:00	not_started	t_0UHTp8	t_1rIGha	Alanyaspor	Kocaelispor	Alanyaspor	Kocaelispor				2026-10-02T15:53:44.006339+00:00	2	turkey	turkey:espn:401888268	turkey:alanyaspor	turkey:kocaelispor
m_0BNqPO	l_0S1uaf	2026/2027	2026-10-24	2026-10-24T10:30:00+00:00	not_started	t_2KgWmI	t_0Re9DV	Eyüpspor	Kasımpaşa	Eyüpspor	Kasımpaşa				2026-10-02T15:53:44.006339+00:00	2	turkey	turkey:espn:401888269	turkey:eyupspor	turkey:kasimpasa
m_2M5Ypw	l_0S1uaf	2026/2027	2026-10-24	2026-10-24T13:00:00+00:00	not_started	t_13kqMs	t_2xuoCT	Gaziantep FK	Erzurumspor FK	Gaziantep FK	Erzurumspor FK				2026-10-02T15:53:44.006339+00:00	2	turkey			
m_3PW3jT	l_0S1uaf	2026/2027	2026-10-24	2026-10-24T16:00:00+00:00	not_started	t_3ecBqd	t_2T2HF1	Samsunspor	Amed Sportif	Samsunspor	Amed Sportif				2026-10-02T15:53:44.006339+00:00	2	turkey			
m_092k38	l_0S1uaf	2026/2027	2026-10-25	2026-10-25T13:00:00+00:00	not_started	t_1O0f4S	t_1AQRlk	Konyaspor	Gençlerbirliği	Konyaspor	Gençlerbirliği				2026-10-02T15:53:44.006339+00:00	2	turkey	turkey:espn:401888266	turkey:konyaspor	turkey:genclerbirligi
m_0V3NQN	l_0S1uaf	2026/2027	2026-10-25	2026-10-25T16:00:00+00:00	not_started	t_2xIP6M	t_2SLZgT	Göztepe	Çorum FK	Göztepe	Çorum FK				2026-10-02T15:53:44.006339+00:00	2	turkey	turkey:espn:401888376	turkey:goztep	turkey:corum-fk
m_23cP3l	l_0S1uaf	2026/2027	2026-10-26	2026-10-26T16:00:00+00:00	not_started	t_0QAIlC	t_0vXWmF	Beşiktaş	Başakşehir	Beşiktaş	Başakşehir				2026-10-02T15:53:44.006339+00:00	2	turkey	turkey:espn:401888264	turkey:besiktas	turkey:buyuksehyr
m_2hVVbS	l_0S1uaf	2026/2027	2026-10-26	2026-10-26T16:00:00+00:00	not_started	t_1BOam4	t_3DwdkH	Rizespor	Trabzonspor	Rizespor	Trabzonspor				2026-10-02T15:53:44.006339+00:00	2	turkey	turkey:espn:401888267	turkey:rizespor	turkey:trabzonspor
m_3JsVZL	l_0S1uaf	2026/2027	2026-10-26	2026-10-26T18:30:00+00:00	not_started	t_15TWxO	t_2wJJY2	Galatasaray	Fenerbahçe	Galatasaray	Fenerbahçe				2026-10-02T15:53:44.006339+00:00	2	turkey	turkey:espn:401888265	turkey:galatasaray	turkey:fenerbahce
m_46IsSa	l_0S1uaf	2026/2027	2026-10-30	2026-10-30T17:00:00+00:00	not_started	t_1O0f4S	t_15TWxO	Konyaspor	Galatasaray	Konyaspor	Galatasaray				2026-10-02T15:53:44.006339+00:00	2	turkey	turkey:espn:401888259	turkey:konyaspor	turkey:galatasaray
m_0Yscow	l_0S1uaf	2026/2027	2026-10-31	2026-10-31T10:30:00+00:00	not_started	t_2xuoCT	t_2SLZgT	Erzurumspor FK	Çorum FK	Erzurumspor FK	Çorum FK				2026-10-02T15:53:44.006339+00:00	2	turkey			
m_46MtQh	l_0S1uaf	2026/2027	2026-10-31	2026-10-31T13:00:00+00:00	not_started	t_1rIGha	t_1BOam4	Kocaelispor	Rizespor	Kocaelispor	Rizespor				2026-10-02T15:53:44.006339+00:00	2	turkey	turkey:espn:401888257	turkey:kocaelispor	turkey:rizespor
m_2YUMN6	l_0S1uaf	2026/2027	2026-10-31	2026-10-31T16:00:00+00:00	not_started	t_2wJJY2	t_2xIP6M	Fenerbahçe	Göztepe	Fenerbahçe	Göztepe				2026-10-02T15:53:44.006339+00:00	2	turkey	turkey:espn:401888258	turkey:fenerbahce	turkey:goztep
m_1JeJOl	l_0S1uaf	2026/2027	2026-11-01	2026-11-01T10:30:00+00:00	not_started	t_2T2HF1	t_2KgWmI	Amed Sportif	Eyüpspor	Amed Sportif	Eyüpspor				2026-10-02T15:53:44.006339+00:00	2	turkey			
m_0BwVd8	l_0S1uaf	2026/2027	2026-11-01	2026-11-01T13:00:00+00:00	not_started	t_3DwdkH	t_13kqMs	Trabzonspor	Gaziantep FK	Trabzonspor	Gaziantep FK				2026-10-02T15:53:44.006339+00:00	2	turkey	turkey:espn:401888263	turkey:trabzonspor	turkey:gaziantep
m_4FEuOy	l_0S1uaf	2026/2027	2026-11-01	2026-11-01T13:00:00+00:00	not_started	t_0vXWmF	t_3ecBqd	Başakşehir	Samsunspor	Başakşehir	Samsunspor				2026-10-02T15:53:44.006339+00:00	2	turkey	turkey:espn:401888261	turkey:buyuksehyr	turkey:samsunspor
m_0obrfR	l_0S1uaf	2026/2027	2026-11-01	2026-11-01T16:00:00+00:00	not_started	t_0Re9DV	t_0QAIlC	Kasımpaşa	Beşiktaş	Kasımpaşa	Beşiktaş				2026-10-02T15:53:44.006339+00:00	2	turkey	turkey:espn:401888262	turkey:kasimpasa	turkey:besiktas
m_0ILNZ3	l_0S1uaf	2026/2027	2026-11-02	2026-11-02T17:00:00+00:00	not_started	t_1AQRlk	t_0UHTp8	Gençlerbirliği	Alanyaspor	Gençlerbirliği	Alanyaspor				2026-10-02T15:53:44.006339+00:00	2	turkey	turkey:espn:401888260	turkey:genclerbirligi	turkey:alanyaspor
m_12G6QF	l_0S1uaf	2026/2027	2026-11-06	2026-11-06T17:00:00+00:00	not_started	t_13kqMs	t_0Re9DV	Gaziantep FK	Kasımpaşa	Gaziantep FK	Kasımpaşa				2026-10-02T15:53:44.006339+00:00	2	turkey	turkey:espn:401888256	turkey:gaziantep	turkey:kasimpasa
m_1ZfVht	l_0S1uaf	2026/2027	2026-11-07	2026-11-07T10:30:00+00:00	not_started	t_2KgWmI	t_1rIGha	Eyüpspor	Kocaelispor	Eyüpspor	Kocaelispor				2026-10-02T15:53:44.006339+00:00	2	turkey	turkey:espn:401888255	turkey:eyupspor	turkey:kocaelispor
m_3PC9J0	l_0S1uaf	2026/2027	2026-11-07	2026-11-07T13:00:00+00:00	not_started	t_3ecBqd	t_1O0f4S	Samsunspor	Konyaspor	Samsunspor	Konyaspor				2026-10-02T15:53:44.006339+00:00	2	turkey	turkey:espn:401888250	turkey:samsunspor	turkey:konyaspor
m_14mbeK	l_0S1uaf	2026/2027	2026-11-07	2026-11-07T16:00:00+00:00	not_started	t_2xIP6M	t_0vXWmF	Göztepe	Başakşehir	Göztepe	Başakşehir				2026-10-02T15:53:44.006339+00:00	2	turkey	turkey:espn:401888252	turkey:goztep	turkey:buyuksehyr
m_2br6kp	l_0S1uaf	2026/2027	2026-11-07	2026-11-07T16:00:00+00:00	not_started	t_15TWxO	t_2T2HF1	Galatasaray	Amed Sportif	Galatasaray	Amed Sportif				2026-10-02T15:53:44.006339+00:00	2	turkey			
m_4eZj2n	l_0S1uaf	2026/2027	2026-11-08	2026-11-08T10:30:00+00:00	not_started	t_1BOam4	t_2xuoCT	Rizespor	Erzurumspor FK	Rizespor	Erzurumspor FK				2026-10-02T15:53:44.006339+00:00	2	turkey			
m_2d7YyQ	l_0S1uaf	2026/2027	2026-11-08	2026-11-08T13:00:00+00:00	not_started	t_2SLZgT	t_2wJJY2	Çorum FK	Fenerbahçe	Çorum FK	Fenerbahçe				2026-10-02T15:53:44.006339+00:00	2	turkey	turkey:espn:401888372	turkey:corum-fk	turkey:fenerbahce
m_4KgMsz	l_0S1uaf	2026/2027	2026-11-08	2026-11-08T15:30:00+00:00	not_started	t_0UHTp8	t_3DwdkH	Alanyaspor	Trabzonspor	Alanyaspor	Trabzonspor				2026-10-02T15:53:44.006339+00:00	2	turkey	turkey:espn:401888254	turkey:alanyaspor	turkey:trabzonspor
m_1m90jr	l_0S1uaf	2026/2027	2026-11-08	2026-11-08T18:00:00+00:00	not_started	t_0QAIlC	t_1AQRlk	Beşiktaş	Gençlerbirliği	Beşiktaş	Gençlerbirliği				2026-10-02T15:53:44.006339+00:00	2	turkey	turkey:espn:401888251	turkey:besiktas	turkey:genclerbirligi
m_0DtFS8	l_0S1uaf	2026/2027	2026-11-21	2026-11-21T10:30:00+00:00	not_started	t_1AQRlk	t_13kqMs	Gençlerbirliği	Gaziantep FK	Gençlerbirliği	Gaziantep FK				2026-10-02T15:53:44.006339+00:00	2	turkey	turkey:espn:401888247	turkey:genclerbirligi	turkey:gaziantep
m_1J9qAA	l_0S1uaf	2026/2027	2026-11-21	2026-11-21T13:00:00+00:00	not_started	t_2T2HF1	t_1BOam4	Amed Sportif	Rizespor	Amed Sportif	Rizespor				2026-10-02T15:53:44.006339+00:00	2	turkey			
m_2Nqkzr	l_0S1uaf	2026/2027	2026-11-21	2026-11-21T13:00:00+00:00	not_started	t_15TWxO	t_3ecBqd	Galatasaray	Samsunspor	Galatasaray	Samsunspor				2026-10-02T15:53:44.006339+00:00	2	turkey	turkey:espn:401888245	turkey:galatasaray	turkey:samsunspor
m_4Nltap	l_0S1uaf	2026/2027	2026-11-21	2026-11-21T16:00:00+00:00	not_started	t_1rIGha	t_2wJJY2	Kocaelispor	Fenerbahçe	Kocaelispor	Fenerbahçe				2026-10-02T15:53:44.006339+00:00	2	turkey	turkey:espn:401888244	turkey:kocaelispor	turkey:fenerbahce
m_42ahTy	l_0S1uaf	2026/2027	2026-11-22	2026-11-22T10:30:00+00:00	not_started	t_2xuoCT	t_2xIP6M	Erzurumspor FK	Göztepe	Erzurumspor FK	Göztepe				2026-10-02T15:53:44.006339+00:00	2	turkey			
m_0d0c1o	l_0S1uaf	2026/2027	2026-11-22	2026-11-22T13:00:00+00:00	not_started	t_0Re9DV	t_0UHTp8	Kasımpaşa	Alanyaspor	Kasımpaşa	Alanyaspor				2026-10-02T15:53:44.006339+00:00	2	turkey	turkey:espn:401888248	turkey:kasimpasa	turkey:alanyaspor
m_1lrxfA	l_0S1uaf	2026/2027	2026-11-22	2026-11-22T13:00:00+00:00	not_started	t_1O0f4S	t_0QAIlC	Konyaspor	Beşiktaş	Konyaspor	Beşiktaş				2026-10-02T15:53:44.006339+00:00	2	turkey	turkey:espn:401888246	turkey:konyaspor	turkey:besiktas
m_053xJU	l_0S1uaf	2026/2027	2026-11-22	2026-11-22T16:00:00+00:00	not_started	t_3DwdkH	t_2KgWmI	Trabzonspor	Eyüpspor	Trabzonspor	Eyüpspor				2026-10-02T15:53:44.006339+00:00	2	turkey	turkey:espn:401888249	turkey:trabzonspor	turkey:eyupspor
m_3tsGl4	l_0S1uaf	2026/2027	2026-11-23	2026-11-23T17:00:00+00:00	not_started	t_0vXWmF	t_2SLZgT	Başakşehir	Çorum FK	Başakşehir	Çorum FK				2026-10-02T15:53:44.006339+00:00	2	turkey	turkey:espn:401888370	turkey:buyuksehyr	turkey:corum-fk
m_16k6dO	l_0S1uaf	2026/2027	2026-11-27	2026-11-27T17:00:00+00:00	not_started	t_0UHTp8	t_1O0f4S	Alanyaspor	Konyaspor	Alanyaspor	Konyaspor				2026-10-02T15:53:44.006339+00:00	2	turkey	turkey:espn:401888241	turkey:alanyaspor	turkey:konyaspor
m_3uX5Mk	l_0S1uaf	2026/2027	2026-11-27	2026-11-27T17:00:00+00:00	not_started	t_1BOam4	t_0Re9DV	Rizespor	Kasımpaşa	Rizespor	Kasımpaşa				2026-10-02T15:53:44.006339+00:00	2	turkey	turkey:espn:401888240	turkey:rizespor	turkey:kasimpasa
m_0sliPh	l_0S1uaf	2026/2027	2026-11-28	2026-11-28T13:00:00+00:00	not_started	t_3ecBqd	t_1AQRlk	Samsunspor	Gençlerbirliği	Samsunspor	Gençlerbirliği				2026-10-02T15:53:44.006339+00:00	2	turkey	turkey:espn:401888236	turkey:samsunspor	turkey:genclerbirligi
m_4KfdZ9	l_0S1uaf	2026/2027	2026-11-28	2026-11-28T16:00:00+00:00	not_started	t_13kqMs	t_2T2HF1	Gaziantep FK	Amed Sportif	Gaziantep FK	Amed Sportif				2026-10-02T15:53:44.006339+00:00	2	turkey			
m_19ZMIB	l_0S1uaf	2026/2027	2026-11-29	2026-11-29T10:30:00+00:00	not_started	t_2SLZgT	t_1rIGha	Çorum FK	Kocaelispor	Çorum FK	Kocaelispor				2026-10-02T15:53:44.006339+00:00	2	turkey	turkey:espn:401888367	turkey:corum-fk	turkey:kocaelispor
m_4Bhb3d	l_0S1uaf	2026/2027	2026-11-29	2026-11-29T13:00:00+00:00	not_started	t_2KgWmI	t_0vXWmF	Eyüpspor	Başakşehir	Eyüpspor	Başakşehir				2026-10-02T15:53:44.006339+00:00	2	turkey	turkey:espn:401888242	turkey:eyupspor	turkey:buyuksehyr
m_4NcmMr	l_0S1uaf	2026/2027	2026-11-29	2026-11-29T16:00:00+00:00	not_started	t_2wJJY2	t_2xuoCT	Fenerbahçe	Erzurumspor FK	Fenerbahçe	Erzurumspor FK				2026-10-02T15:53:44.006339+00:00	2	turkey			
m_0OLvow	l_0S1uaf	2026/2027	2026-11-30	2026-11-30T16:00:00+00:00	not_started	t_2xIP6M	t_3DwdkH	Göztepe	Trabzonspor	Göztepe	Trabzonspor				2026-10-02T15:53:44.006339+00:00	2	turkey	turkey:espn:401888239	turkey:goztep	turkey:trabzonspor
m_18i8cZ	l_0S1uaf	2026/2027	2026-11-30	2026-11-30T18:00:00+00:00	not_started	t_0QAIlC	t_15TWxO	Beşiktaş	Galatasaray	Beşiktaş	Galatasaray				2026-10-02T15:53:44.006339+00:00	2	turkey	turkey:espn:401888237	turkey:besiktas	turkey:galatasaray
m_3Z3A2K	l_0S1uaf	2026/2027	2026-12-04	2026-12-04T17:00:00+00:00	not_started	t_15TWxO	t_1BOam4	Galatasaray	Rizespor	Galatasaray	Rizespor				2026-10-02T15:53:44.006339+00:00	2	turkey			
m_2iNjRO	l_0S1uaf	2026/2027	2026-12-05	2026-12-05T10:30:00+00:00	not_started	t_1O0f4S	t_13kqMs	Konyaspor	Gaziantep FK	Konyaspor	Gaziantep FK				2026-10-02T15:53:44.006339+00:00	2	turkey			
m_3cVse5	l_0S1uaf	2026/2027	2026-12-05	2026-12-05T13:00:00+00:00	not_started	t_2T2HF1	t_0UHTp8	Amed Sportif	Alanyaspor	Amed Sportif	Alanyaspor				2026-10-02T15:53:44.006339+00:00	2	turkey			
m_4WElCl	l_0S1uaf	2026/2027	2026-12-05	2026-12-05T16:00:00+00:00	not_started	t_0vXWmF	t_2wJJY2	Başakşehir	Fenerbahçe	Başakşehir	Fenerbahçe				2026-10-02T15:53:44.006339+00:00	2	turkey			
m_081Z7p	l_0S1uaf	2026/2027	2026-12-06	2026-12-06T10:30:00+00:00	not_started	t_2xuoCT	t_1rIGha	Erzurumspor FK	Kocaelispor	Erzurumspor FK	Kocaelispor				2026-10-02T15:53:44.006339+00:00	2	turkey			
m_0dxUwX	l_0S1uaf	2026/2027	2026-12-06	2026-12-06T13:00:00+00:00	not_started	t_1AQRlk	t_2KgWmI	Gençlerbirliği	Eyüpspor	Gençlerbirliği	Eyüpspor				2026-10-02T15:53:44.006339+00:00	2	turkey			
m_4YjLL6	l_0S1uaf	2026/2027	2026-12-06	2026-12-06T13:00:00+00:00	not_started	t_0QAIlC	t_3ecBqd	Beşiktaş	Samsunspor	Beşiktaş	Samsunspor				2026-10-02T15:53:44.006339+00:00	2	turkey			
m_3Y7C3t	l_0S1uaf	2026/2027	2026-12-06	2026-12-06T16:00:00+00:00	not_started	t_3DwdkH	t_2SLZgT	Trabzonspor	Çorum FK	Trabzonspor	Çorum FK				2026-10-02T15:53:44.006339+00:00	2	turkey			
m_303qJY	l_0S1uaf	2026/2027	2026-12-07	2026-12-07T17:00:00+00:00	not_started	t_0Re9DV	t_2xIP6M	Kasımpaşa	Göztepe	Kasımpaşa	Göztepe				2026-10-02T15:53:44.006339+00:00	2	turkey			
m_1Wekof	l_0S1uaf	2026/2027	2026-12-11	2026-12-11T17:00:00+00:00	not_started	t_2SLZgT	t_2T2HF1	Çorum FK	Amed Sportif	Çorum FK	Amed Sportif				2026-10-02T15:53:44.006339+00:00	2	turkey			
m_454omF	l_0S1uaf	2026/2027	2026-12-12	2026-12-12T10:30:00+00:00	not_started	t_2xuoCT	t_0Re9DV	Erzurumspor FK	Kasımpaşa	Erzurumspor FK	Kasımpaşa				2026-10-02T15:53:44.006339+00:00	2	turkey			
m_0c92oi	l_0S1uaf	2026/2027	2026-12-12	2026-12-12T13:00:00+00:00	not_started	t_0UHTp8	t_3ecBqd	Alanyaspor	Samsunspor	Alanyaspor	Samsunspor				2026-10-02T15:53:44.006339+00:00	2	turkey			
m_4AphVc	l_0S1uaf	2026/2027	2026-12-12	2026-12-12T16:00:00+00:00	not_started	t_2KgWmI	t_15TWxO	Eyüpspor	Galatasaray	Eyüpspor	Galatasaray				2026-10-02T15:53:44.006339+00:00	2	turkey			
m_0eY1h5	l_0S1uaf	2026/2027	2026-12-13	2026-12-13T10:30:00+00:00	not_started	t_1rIGha	t_1AQRlk	Kocaelispor	Gençlerbirliği	Kocaelispor	Gençlerbirliği				2026-10-02T15:53:44.006339+00:00	2	turkey			
m_1BYHlo	l_0S1uaf	2026/2027	2026-12-13	2026-12-13T13:00:00+00:00	not_started	t_1BOam4	t_0vXWmF	Rizespor	Başakşehir	Rizespor	Başakşehir				2026-10-02T15:53:44.006339+00:00	2	turkey			
m_37BS6B	l_0S1uaf	2026/2027	2026-12-13	2026-12-13T13:00:00+00:00	not_started	t_2xIP6M	t_1O0f4S	Göztepe	Konyaspor	Göztepe	Konyaspor				2026-10-02T15:53:44.006339+00:00	2	turkey			
m_2R7loM	l_0S1uaf	2026/2027	2026-12-13	2026-12-13T16:00:00+00:00	not_started	t_2wJJY2	t_3DwdkH	Fenerbahçe	Trabzonspor	Fenerbahçe	Trabzonspor				2026-10-02T15:53:44.006339+00:00	2	turkey			
m_4EXqjt	l_0S1uaf	2026/2027	2026-12-14	2026-12-14T17:00:00+00:00	not_started	t_13kqMs	t_0QAIlC	Gaziantep FK	Beşiktaş	Gaziantep FK	Beşiktaş				2026-10-02T15:53:44.006339+00:00	2	turkey			
m_12CjQP	l_0S1uaf	2026/2027	2026-12-18	2026-12-18T17:00:00+00:00	not_started	t_2T2HF1	t_2xIP6M	Amed Sportif	Göztepe	Amed Sportif	Göztepe				2026-10-02T15:53:44.006339+00:00	2	turkey			
m_1uhTrm	l_0S1uaf	2026/2027	2026-12-18	2026-12-18T17:00:00+00:00	not_started	t_0Re9DV	t_2wJJY2	Kasımpaşa	Fenerbahçe	Kasımpaşa	Fenerbahçe				2026-10-02T15:53:44.006339+00:00	2	turkey			
m_0sT8gu	l_0S1uaf	2026/2027	2026-12-19	2026-12-19T10:30:00+00:00	not_started	t_1O0f4S	t_2KgWmI	Konyaspor	Eyüpspor	Konyaspor	Eyüpspor				2026-10-02T15:53:44.006339+00:00	2	turkey			
m_4X4HoL	l_0S1uaf	2026/2027	2026-12-19	2026-12-19T13:00:00+00:00	not_started	t_0vXWmF	t_2xuoCT	Başakşehir	Erzurumspor FK	Başakşehir	Erzurumspor FK				2026-10-02T15:53:44.006339+00:00	2	turkey			
m_33uGg5	l_0S1uaf	2026/2027	2026-12-19	2026-12-19T16:00:00+00:00	not_started	t_15TWxO	t_0UHTp8	Galatasaray	Alanyaspor	Galatasaray	Alanyaspor				2026-10-02T15:53:44.006339+00:00	2	turkey			
m_06QaK1	l_0S1uaf	2026/2027	2026-12-20	2026-12-20T10:30:00+00:00	not_started	t_1AQRlk	t_2SLZgT	Gençlerbirliği	Çorum FK	Gençlerbirliği	Çorum FK				2026-10-02T15:53:44.006339+00:00	2	turkey			
m_3WcJSF	l_0S1uaf	2026/2027	2026-12-20	2026-12-20T13:00:00+00:00	not_started	t_3ecBqd	t_13kqMs	Samsunspor	Gaziantep FK	Samsunspor	Gaziantep FK				2026-10-02T15:53:44.006339+00:00	2	turkey			
m_3LHRt1	l_0S1uaf	2026/2027	2026-12-20	2026-12-20T16:00:00+00:00	not_started	t_0QAIlC	t_1BOam4	Beşiktaş	Rizespor	Beşiktaş	Rizespor				2026-10-02T15:53:44.006339+00:00	2	turkey			
m_4JUBf1	l_0S1uaf	2026/2027	2026-12-21	2026-12-21T17:00:00+00:00	not_started	t_3DwdkH	t_1rIGha	Trabzonspor	Kocaelispor	Trabzonspor	Kocaelispor				2026-10-02T15:53:44.006339+00:00	2	turkey			
m_16blWL	l_0S1uaf	2026/2027	2027-01-17	2027-01-17T18:00:00+00:00	not_started	t_0UHTp8	t_0vXWmF	Alanyaspor	Başakşehir	Alanyaspor	Başakşehir				2026-10-02T15:53:44.006339+00:00	2	turkey			
m_18ojHx	l_0S1uaf	2026/2027	2027-01-17	2027-01-17T18:00:00+00:00	not_started	t_2KgWmI	t_3ecBqd	Eyüpspor	Samsunspor	Eyüpspor	Samsunspor				2026-10-02T15:53:44.006339+00:00	2	turkey			
m_1MmQMZ	l_0S1uaf	2026/2027	2027-01-17	2027-01-17T18:00:00+00:00	not_started	t_2wJJY2	t_2T2HF1	Fenerbahçe	Amed Sportif	Fenerbahçe	Amed Sportif				2026-10-02T15:53:44.006339+00:00	2	turkey			
m_1fTr9X	l_0S1uaf	2026/2027	2027-01-17	2027-01-17T18:00:00+00:00	not_started	t_2xuoCT	t_3DwdkH	Erzurumspor FK	Trabzonspor	Erzurumspor FK	Trabzonspor				2026-10-02T15:53:44.006339+00:00	2	turkey			
m_1urauF	l_0S1uaf	2026/2027	2027-01-17	2027-01-17T18:00:00+00:00	not_started	t_2SLZgT	t_1O0f4S	Çorum FK	Konyaspor	Çorum FK	Konyaspor				2026-10-02T15:53:44.006339+00:00	2	turkey			
m_2gDa4m	l_0S1uaf	2026/2027	2027-01-17	2027-01-17T18:00:00+00:00	not_started	t_13kqMs	t_15TWxO	Gaziantep FK	Galatasaray	Gaziantep FK	Galatasaray				2026-10-02T15:53:44.006339+00:00	2	turkey			
m_2s9E0M	l_0S1uaf	2026/2027	2027-01-17	2027-01-17T18:00:00+00:00	not_started	t_1BOam4	t_1AQRlk	Rizespor	Gençlerbirliği	Rizespor	Gençlerbirliği				2026-10-02T15:53:44.006339+00:00	2	turkey			
m_3HUxXl	l_0S1uaf	2026/2027	2027-01-17	2027-01-17T18:00:00+00:00	not_started	t_1rIGha	t_0Re9DV	Kocaelispor	Kasımpaşa	Kocaelispor	Kasımpaşa				2026-10-02T15:53:44.006339+00:00	2	turkey			
m_4M34gK	l_0S1uaf	2026/2027	2027-01-17	2027-01-17T18:00:00+00:00	not_started	t_2xIP6M	t_0QAIlC	Göztepe	Beşiktaş	Göztepe	Beşiktaş				2026-10-02T15:53:44.006339+00:00	2	turkey			
m_0D4iSW	l_0S1uaf	2026/2027	2027-01-24	2027-01-24T18:00:00+00:00	not_started	t_0UHTp8	t_13kqMs	Alanyaspor	Gaziantep FK	Alanyaspor	Gaziantep FK				2026-10-02T15:53:44.006339+00:00	2	turkey			
m_0HGVE0	l_0S1uaf	2026/2027	2027-01-24	2027-01-24T18:00:00+00:00	not_started	t_1rIGha	t_0vXWmF	Kocaelispor	Başakşehir	Kocaelispor	Başakşehir				2026-10-02T15:53:44.006339+00:00	2	turkey			
m_0QOBsn	l_0S1uaf	2026/2027	2027-01-24	2027-01-24T18:00:00+00:00	not_started	t_2wJJY2	t_1AQRlk	Fenerbahçe	Gençlerbirliği	Fenerbahçe	Gençlerbirliği				2026-10-02T15:53:44.006339+00:00	2	turkey			
m_1FNR6C	l_0S1uaf	2026/2027	2027-01-24	2027-01-24T18:00:00+00:00	not_started	t_2xIP6M	t_3ecBqd	Göztepe	Samsunspor	Göztepe	Samsunspor				2026-10-02T15:53:44.006339+00:00	2	turkey			
m_2CTQQn	l_0S1uaf	2026/2027	2027-01-24	2027-01-24T18:00:00+00:00	not_started	t_1BOam4	t_1O0f4S	Rizespor	Konyaspor	Rizespor	Konyaspor				2026-10-02T15:53:44.006339+00:00	2	turkey			
m_2NbeFz	l_0S1uaf	2026/2027	2027-01-24	2027-01-24T18:00:00+00:00	not_started	t_2SLZgT	t_15TWxO	Çorum FK	Galatasaray	Çorum FK	Galatasaray				2026-10-02T15:53:44.006339+00:00	2	turkey			
m_3sBebi	l_0S1uaf	2026/2027	2027-01-24	2027-01-24T18:00:00+00:00	not_started	t_2KgWmI	t_0QAIlC	Eyüpspor	Beşiktaş	Eyüpspor	Beşiktaş				2026-10-02T15:53:44.006339+00:00	2	turkey			
m_4NDEW2	l_0S1uaf	2026/2027	2027-01-24	2027-01-24T18:00:00+00:00	not_started	t_3DwdkH	t_0Re9DV	Trabzonspor	Kasımpaşa	Trabzonspor	Kasımpaşa				2026-10-02T15:53:44.006339+00:00	2	turkey			
m_4ewO8W	l_0S1uaf	2026/2027	2027-01-24	2027-01-24T18:00:00+00:00	not_started	t_2xuoCT	t_2T2HF1	Erzurumspor FK	Amed Sportif	Erzurumspor FK	Amed Sportif				2026-10-02T15:53:44.006339+00:00	2	turkey			
m_06RRm2	l_0S1uaf	2026/2027	2027-01-31	2027-01-31T18:00:00+00:00	not_started	t_1O0f4S	t_2wJJY2	Konyaspor	Fenerbahçe	Konyaspor	Fenerbahçe				2026-10-02T15:53:44.006339+00:00	2	turkey			
m_0cJ2tC	l_0S1uaf	2026/2027	2027-01-31	2027-01-31T18:00:00+00:00	not_started	t_13kqMs	t_2KgWmI	Gaziantep FK	Eyüpspor	Gaziantep FK	Eyüpspor				2026-10-02T15:53:44.006339+00:00	2	turkey			
m_1GS0sn	l_0S1uaf	2026/2027	2027-01-31	2027-01-31T18:00:00+00:00	not_started	t_1AQRlk	t_2xIP6M	Gençlerbirliği	Göztepe	Gençlerbirliği	Göztepe				2026-10-02T15:53:44.006339+00:00	2	turkey			
m_1uvWQm	l_0S1uaf	2026/2027	2027-01-31	2027-01-31T18:00:00+00:00	not_started	t_0Re9DV	t_2SLZgT	Kasımpaşa	Çorum FK	Kasımpaşa	Çorum FK				2026-10-02T15:53:44.006339+00:00	2	turkey			
m_2Yez8k	l_0S1uaf	2026/2027	2027-01-31	2027-01-31T18:00:00+00:00	not_started	t_2T2HF1	t_1rIGha	Amed Sportif	Kocaelispor	Amed Sportif	Kocaelispor				2026-10-02T15:53:44.006339+00:00	2	turkey			
m_3UWnaK	l_0S1uaf	2026/2027	2027-01-31	2027-01-31T18:00:00+00:00	not_started	t_15TWxO	t_2xuoCT	Galatasaray	Erzurumspor FK	Galatasaray	Erzurumspor FK				2026-10-02T15:53:44.006339+00:00	2	turkey			
m_3ylHG6	l_0S1uaf	2026/2027	2027-01-31	2027-01-31T18:00:00+00:00	not_started	t_3ecBqd	t_1BOam4	Samsunspor	Rizespor	Samsunspor	Rizespor				2026-10-02T15:53:44.006339+00:00	2	turkey			
m_4HXLY6	l_0S1uaf	2026/2027	2027-01-31	2027-01-31T18:00:00+00:00	not_started	t_0QAIlC	t_0UHTp8	Beşiktaş	Alanyaspor	Beşiktaş	Alanyaspor				2026-10-02T15:53:44.006339+00:00	2	turkey			
m_4VjI0O	l_0S1uaf	2026/2027	2027-01-31	2027-01-31T18:00:00+00:00	not_started	t_0vXWmF	t_3DwdkH	Başakşehir	Trabzonspor	Başakşehir	Trabzonspor				2026-10-02T15:53:44.006339+00:00	2	turkey			
m_0A8zup	l_0S1uaf	2026/2027	2027-02-07	2027-02-07T18:00:00+00:00	not_started	t_3DwdkH	t_2T2HF1	Trabzonspor	Amed Sportif	Trabzonspor	Amed Sportif				2026-10-02T15:53:44.006339+00:00	2	turkey			
m_0iIDjj	l_0S1uaf	2026/2027	2027-02-07	2027-02-07T18:00:00+00:00	not_started	t_0Re9DV	t_0vXWmF	Kasımpaşa	Başakşehir	Kasımpaşa	Başakşehir				2026-10-02T15:53:44.006339+00:00	2	turkey			
m_0lZsQs	l_0S1uaf	2026/2027	2027-02-07	2027-02-07T18:00:00+00:00	not_started	t_2SLZgT	t_0QAIlC	Çorum FK	Beşiktaş	Çorum FK	Beşiktaş				2026-10-02T15:53:44.006339+00:00	2	turkey			
m_1HOibo	l_0S1uaf	2026/2027	2027-02-07	2027-02-07T18:00:00+00:00	not_started	t_2wJJY2	t_3ecBqd	Fenerbahçe	Samsunspor	Fenerbahçe	Samsunspor				2026-10-02T15:53:44.006339+00:00	2	turkey			
m_1P7WPP	l_0S1uaf	2026/2027	2027-02-07	2027-02-07T18:00:00+00:00	not_started	t_2xuoCT	t_1AQRlk	Erzurumspor FK	Gençlerbirliği	Erzurumspor FK	Gençlerbirliği				2026-10-02T15:53:44.006339+00:00	2	turkey			
m_1p0gAC	l_0S1uaf	2026/2027	2027-02-07	2027-02-07T18:00:00+00:00	not_started	t_1rIGha	t_1O0f4S	Kocaelispor	Konyaspor	Kocaelispor	Konyaspor				2026-10-02T15:53:44.006339+00:00	2	turkey			
m_2a4aXy	l_0S1uaf	2026/2027	2027-02-07	2027-02-07T18:00:00+00:00	not_started	t_2xIP6M	t_15TWxO	Göztepe	Galatasaray	Göztepe	Galatasaray				2026-10-02T15:53:44.006339+00:00	2	turkey			
m_3eBEAp	l_0S1uaf	2026/2027	2027-02-07	2027-02-07T18:00:00+00:00	not_started	t_0UHTp8	t_2KgWmI	Alanyaspor	Eyüpspor	Alanyaspor	Eyüpspor				2026-10-02T15:53:44.006339+00:00	2	turkey			
m_400zIq	l_0S1uaf	2026/2027	2027-02-07	2027-02-07T18:00:00+00:00	not_started	t_1BOam4	t_13kqMs	Rizespor	Gaziantep FK	Rizespor	Gaziantep FK				2026-10-02T15:53:44.006339+00:00	2	turkey			
m_0B9vIy	l_0S1uaf	2026/2027	2027-02-14	2027-02-14T18:00:00+00:00	not_started	t_2T2HF1	t_0Re9DV	Amed Sportif	Kasımpaşa	Amed Sportif	Kasımpaşa				2026-10-02T15:53:44.006339+00:00	2	turkey			
m_1haKH6	l_0S1uaf	2026/2027	2027-02-14	2027-02-14T18:00:00+00:00	not_started	t_3ecBqd	t_1rIGha	Samsunspor	Kocaelispor	Samsunspor	Kocaelispor				2026-10-02T15:53:44.006339+00:00	2	turkey			
m_1xquFu	l_0S1uaf	2026/2027	2027-02-14	2027-02-14T18:00:00+00:00	not_started	t_1O0f4S	t_2xuoCT	Konyaspor	Erzurumspor FK	Konyaspor	Erzurumspor FK				2026-10-02T15:53:44.006339+00:00	2	turkey			
m_2XhbTU	l_0S1uaf	2026/2027	2027-02-14	2027-02-14T18:00:00+00:00	not_started	t_15TWxO	t_0vXWmF	Galatasaray	Başakşehir	Galatasaray	Başakşehir				2026-10-02T15:53:44.006339+00:00	2	turkey			
m_2vL5tM	l_0S1uaf	2026/2027	2027-02-14	2027-02-14T18:00:00+00:00	not_started	t_0QAIlC	t_2wJJY2	Beşiktaş	Fenerbahçe	Beşiktaş	Fenerbahçe				2026-10-02T15:53:44.006339+00:00	2	turkey			
m_38rtOU	l_0S1uaf	2026/2027	2027-02-14	2027-02-14T18:00:00+00:00	not_started	t_13kqMs	t_2xIP6M	Gaziantep FK	Göztepe	Gaziantep FK	Göztepe				2026-10-02T15:53:44.006339+00:00	2	turkey			
m_3Jaa3F	l_0S1uaf	2026/2027	2027-02-14	2027-02-14T18:00:00+00:00	not_started	t_1AQRlk	t_3DwdkH	Gençlerbirliği	Trabzonspor	Gençlerbirliği	Trabzonspor				2026-10-02T15:53:44.006339+00:00	2	turkey			
m_3zblic	l_0S1uaf	2026/2027	2027-02-14	2027-02-14T18:00:00+00:00	not_started	t_2KgWmI	t_2SLZgT	Eyüpspor	Çorum FK	Eyüpspor	Çorum FK				2026-10-02T15:53:44.006339+00:00	2	turkey			
m_4JWj6r	l_0S1uaf	2026/2027	2027-02-14	2027-02-14T18:00:00+00:00	not_started	t_0UHTp8	t_1BOam4	Alanyaspor	Rizespor	Alanyaspor	Rizespor				2026-10-02T15:53:44.006339+00:00	2	turkey			
m_05kvJ6	l_0S1uaf	2026/2027	2027-02-21	2027-02-21T18:00:00+00:00	not_started	t_1BOam4	t_2KgWmI	Rizespor	Eyüpspor	Rizespor	Eyüpspor				2026-10-02T15:53:44.006339+00:00	2	turkey			
m_0YPCgm	l_0S1uaf	2026/2027	2027-02-21	2027-02-21T18:00:00+00:00	not_started	t_0Re9DV	t_1AQRlk	Kasımpaşa	Gençlerbirliği	Kasımpaşa	Gençlerbirliği				2026-10-02T15:53:44.006339+00:00	2	turkey			
m_1BRs6K	l_0S1uaf	2026/2027	2027-02-21	2027-02-21T18:00:00+00:00	not_started	t_2xuoCT	t_0QAIlC	Erzurumspor FK	Beşiktaş	Erzurumspor FK	Beşiktaş				2026-10-02T15:53:44.006339+00:00	2	turkey			
m_22CSqT	l_0S1uaf	2026/2027	2027-02-21	2027-02-21T18:00:00+00:00	not_started	t_2SLZgT	t_3ecBqd	Çorum FK	Samsunspor	Çorum FK	Samsunspor				2026-10-02T15:53:44.006339+00:00	2	turkey			
m_2IMMMB	l_0S1uaf	2026/2027	2027-02-21	2027-02-21T18:00:00+00:00	not_started	t_3DwdkH	t_1O0f4S	Trabzonspor	Konyaspor	Trabzonspor	Konyaspor				2026-10-02T15:53:44.006339+00:00	2	turkey			
m_33WGwJ	l_0S1uaf	2026/2027	2027-02-21	2027-02-21T18:00:00+00:00	not_started	t_2xIP6M	t_0UHTp8	Göztepe	Alanyaspor	Göztepe	Alanyaspor				2026-10-02T15:53:44.006339+00:00	2	turkey			
m_3ANsJ9	l_0S1uaf	2026/2027	2027-02-21	2027-02-21T18:00:00+00:00	not_started	t_2wJJY2	t_13kqMs	Fenerbahçe	Gaziantep FK	Fenerbahçe	Gaziantep FK				2026-10-02T15:53:44.006339+00:00	2	turkey			
m_3ORTZX	l_0S1uaf	2026/2027	2027-02-21	2027-02-21T18:00:00+00:00	not_started	t_1rIGha	t_15TWxO	Kocaelispor	Galatasaray	Kocaelispor	Galatasaray				2026-10-02T15:53:44.006339+00:00	2	turkey			
m_4FBVAM	l_0S1uaf	2026/2027	2027-02-21	2027-02-21T18:00:00+00:00	not_started	t_0vXWmF	t_2T2HF1	Başakşehir	Amed Sportif	Başakşehir	Amed Sportif				2026-10-02T15:53:44.006339+00:00	2	turkey			
m_0Miv6I	l_0S1uaf	2026/2027	2027-02-28	2027-02-28T18:00:00+00:00	not_started	t_2KgWmI	t_2wJJY2	Eyüpspor	Fenerbahçe	Eyüpspor	Fenerbahçe				2026-10-02T15:53:44.006339+00:00	2	turkey			
m_0jVb99	l_0S1uaf	2026/2027	2027-02-28	2027-02-28T18:00:00+00:00	not_started	t_1BOam4	t_2xIP6M	Rizespor	Göztepe	Rizespor	Göztepe				2026-10-02T15:53:44.006339+00:00	2	turkey			
m_0kiTGL	l_0S1uaf	2026/2027	2027-02-28	2027-02-28T18:00:00+00:00	not_started	t_15TWxO	t_3DwdkH	Galatasaray	Trabzonspor	Galatasaray	Trabzonspor				2026-10-02T15:53:44.006339+00:00	2	turkey			
m_1R7aLi	l_0S1uaf	2026/2027	2027-02-28	2027-02-28T18:00:00+00:00	not_started	t_3ecBqd	t_2xuoCT	Samsunspor	Erzurumspor FK	Samsunspor	Erzurumspor FK				2026-10-02T15:53:44.006339+00:00	2	turkey			
m_1YJr2y	l_0S1uaf	2026/2027	2027-02-28	2027-02-28T18:00:00+00:00	not_started	t_13kqMs	t_1rIGha	Gaziantep FK	Kocaelispor	Gaziantep FK	Kocaelispor				2026-10-02T15:53:44.006339+00:00	2	turkey			
m_2SHzRA	l_0S1uaf	2026/2027	2027-02-28	2027-02-28T18:00:00+00:00	not_started	t_0UHTp8	t_2SLZgT	Alanyaspor	Çorum FK	Alanyaspor	Çorum FK				2026-10-02T15:53:44.006339+00:00	2	turkey			
m_3ZRhRi	l_0S1uaf	2026/2027	2027-02-28	2027-02-28T18:00:00+00:00	not_started	t_1AQRlk	t_0vXWmF	Gençlerbirliği	Başakşehir	Gençlerbirliği	Başakşehir				2026-10-02T15:53:44.006339+00:00	2	turkey			
m_3ee83J	l_0S1uaf	2026/2027	2027-02-28	2027-02-28T18:00:00+00:00	not_started	t_1O0f4S	t_0Re9DV	Konyaspor	Kasımpaşa	Konyaspor	Kasımpaşa				2026-10-02T15:53:44.006339+00:00	2	turkey			
m_417pg0	l_0S1uaf	2026/2027	2027-02-28	2027-02-28T18:00:00+00:00	not_started	t_0QAIlC	t_2T2HF1	Beşiktaş	Amed Sportif	Beşiktaş	Amed Sportif				2026-10-02T15:53:44.006339+00:00	2	turkey			
m_0Y2EB4	l_0S1uaf	2026/2027	2027-03-07	2027-03-07T18:00:00+00:00	not_started	t_2xIP6M	t_2KgWmI	Göztepe	Eyüpspor	Göztepe	Eyüpspor				2026-10-02T15:53:44.006339+00:00	2	turkey			
m_0xNayF	l_0S1uaf	2026/2027	2027-03-07	2027-03-07T18:00:00+00:00	not_started	t_2wJJY2	t_1BOam4	Fenerbahçe	Rizespor	Fenerbahçe	Rizespor				2026-10-02T15:53:44.006339+00:00	2	turkey			
m_0zi1QT	l_0S1uaf	2026/2027	2027-03-07	2027-03-07T18:00:00+00:00	not_started	t_1rIGha	t_0QAIlC	Kocaelispor	Beşiktaş	Kocaelispor	Beşiktaş				2026-10-02T15:53:44.006339+00:00	2	turkey			
m_18jNqj	l_0S1uaf	2026/2027	2027-03-07	2027-03-07T18:00:00+00:00	not_started	t_0vXWmF	t_1O0f4S	Başakşehir	Konyaspor	Başakşehir	Konyaspor				2026-10-02T15:53:44.006339+00:00	2	turkey			
m_1j3mDw	l_0S1uaf	2026/2027	2027-03-07	2027-03-07T18:00:00+00:00	not_started	t_0Re9DV	t_15TWxO	Kasımpaşa	Galatasaray	Kasımpaşa	Galatasaray				2026-10-02T15:53:44.006339+00:00	2	turkey			
m_2cJW3S	l_0S1uaf	2026/2027	2027-03-07	2027-03-07T18:00:00+00:00	not_started	t_2T2HF1	t_1AQRlk	Amed Sportif	Gençlerbirliği	Amed Sportif	Gençlerbirliği				2026-10-02T15:53:44.006339+00:00	2	turkey			
m_2hj5pZ	l_0S1uaf	2026/2027	2027-03-07	2027-03-07T18:00:00+00:00	not_started	t_2SLZgT	t_13kqMs	Çorum FK	Gaziantep FK	Çorum FK	Gaziantep FK				2026-10-02T15:53:44.006339+00:00	2	turkey			
m_49IYjy	l_0S1uaf	2026/2027	2027-03-07	2027-03-07T18:00:00+00:00	not_started	t_2xuoCT	t_0UHTp8	Erzurumspor FK	Alanyaspor	Erzurumspor FK	Alanyaspor				2026-10-02T15:53:44.006339+00:00	2	turkey			
m_4H9IRN	l_0S1uaf	2026/2027	2027-03-07	2027-03-07T18:00:00+00:00	not_started	t_3DwdkH	t_3ecBqd	Trabzonspor	Samsunspor	Trabzonspor	Samsunspor				2026-10-02T15:53:44.006339+00:00	2	turkey			
m_0i0gyJ	l_0S1uaf	2026/2027	2027-03-14	2027-03-14T18:00:00+00:00	not_started	t_0QAIlC	t_3DwdkH	Beşiktaş	Trabzonspor	Beşiktaş	Trabzonspor				2026-10-02T15:53:44.006339+00:00	2	turkey			
m_1NjBKj	l_0S1uaf	2026/2027	2027-03-14	2027-03-14T18:00:00+00:00	not_started	t_2KgWmI	t_2xuoCT	Eyüpspor	Erzurumspor FK	Eyüpspor	Erzurumspor FK				2026-10-02T15:53:44.006339+00:00	2	turkey			
m_1RH4dD	l_0S1uaf	2026/2027	2027-03-14	2027-03-14T18:00:00+00:00	not_started	t_15TWxO	t_1AQRlk	Galatasaray	Gençlerbirliği	Galatasaray	Gençlerbirliği				2026-10-02T15:53:44.006339+00:00	2	turkey			
m_1kx3dF	l_0S1uaf	2026/2027	2027-03-14	2027-03-14T18:00:00+00:00	not_started	t_13kqMs	t_0vXWmF	Gaziantep FK	Başakşehir	Gaziantep FK	Başakşehir				2026-10-02T15:53:44.006339+00:00	2	turkey			
m_224PTG	l_0S1uaf	2026/2027	2027-03-14	2027-03-14T18:00:00+00:00	not_started	t_2xIP6M	t_1rIGha	Göztepe	Kocaelispor	Göztepe	Kocaelispor				2026-10-02T15:53:44.006339+00:00	2	turkey			
m_2UGaiG	l_0S1uaf	2026/2027	2027-03-14	2027-03-14T18:00:00+00:00	not_started	t_0UHTp8	t_2wJJY2	Alanyaspor	Fenerbahçe	Alanyaspor	Fenerbahçe				2026-10-02T15:53:44.006339+00:00	2	turkey			
m_30wfNi	l_0S1uaf	2026/2027	2027-03-14	2027-03-14T18:00:00+00:00	not_started	t_3ecBqd	t_0Re9DV	Samsunspor	Kasımpaşa	Samsunspor	Kasımpaşa				2026-10-02T15:53:44.006339+00:00	2	turkey			
m_3lObrr	l_0S1uaf	2026/2027	2027-03-14	2027-03-14T18:00:00+00:00	not_started	t_1O0f4S	t_2T2HF1	Konyaspor	Amed Sportif	Konyaspor	Amed Sportif				2026-10-02T15:53:44.006339+00:00	2	turkey			
m_4CiZ26	l_0S1uaf	2026/2027	2027-03-14	2027-03-14T18:00:00+00:00	not_started	t_1BOam4	t_2SLZgT	Rizespor	Çorum FK	Rizespor	Çorum FK				2026-10-02T15:53:44.006339+00:00	2	turkey			
m_0KDIn5	l_0S1uaf	2026/2027	2027-03-21	2027-03-21T18:00:00+00:00	not_started	t_2SLZgT	t_2xIP6M	Çorum FK	Göztepe	Çorum FK	Göztepe				2026-10-02T15:53:44.006339+00:00	2	turkey			
m_3ES1DE	l_0S1uaf	2026/2027	2027-03-21	2027-03-21T18:00:00+00:00	not_started	t_2wJJY2	t_15TWxO	Fenerbahçe	Galatasaray	Fenerbahçe	Galatasaray				2026-10-02T15:53:44.006339+00:00	2	turkey			
m_3FzB1b	l_0S1uaf	2026/2027	2027-03-21	2027-03-21T18:00:00+00:00	not_started	t_3DwdkH	t_1BOam4	Trabzonspor	Rizespor	Trabzonspor	Rizespor				2026-10-02T15:53:44.006339+00:00	2	turkey			
m_3IFrS2	l_0S1uaf	2026/2027	2027-03-21	2027-03-21T18:00:00+00:00	not_started	t_1AQRlk	t_1O0f4S	Gençlerbirliği	Konyaspor	Gençlerbirliği	Konyaspor				2026-10-02T15:53:44.006339+00:00	2	turkey			
m_3O85CP	l_0S1uaf	2026/2027	2027-03-21	2027-03-21T18:00:00+00:00	not_started	t_2xuoCT	t_13kqMs	Erzurumspor FK	Gaziantep FK	Erzurumspor FK	Gaziantep FK				2026-10-02T15:53:44.006339+00:00	2	turkey			
m_3P13ZH	l_0S1uaf	2026/2027	2027-03-21	2027-03-21T18:00:00+00:00	not_started	t_0vXWmF	t_0QAIlC	Başakşehir	Beşiktaş	Başakşehir	Beşiktaş				2026-10-02T15:53:44.006339+00:00	2	turkey			
m_3QQB05	l_0S1uaf	2026/2027	2027-03-21	2027-03-21T18:00:00+00:00	not_started	t_1rIGha	t_0UHTp8	Kocaelispor	Alanyaspor	Kocaelispor	Alanyaspor				2026-10-02T15:53:44.006339+00:00	2	turkey			
m_3qGqzC	l_0S1uaf	2026/2027	2027-03-21	2027-03-21T18:00:00+00:00	not_started	t_2T2HF1	t_3ecBqd	Amed Sportif	Samsunspor	Amed Sportif	Samsunspor				2026-10-02T15:53:44.006339+00:00	2	turkey			
m_45hRYG	l_0S1uaf	2026/2027	2027-03-21	2027-03-21T18:00:00+00:00	not_started	t_0Re9DV	t_2KgWmI	Kasımpaşa	Eyüpspor	Kasımpaşa	Eyüpspor				2026-10-02T15:53:44.006339+00:00	2	turkey			
m_0G7fj2	l_0S1uaf	2026/2027	2027-04-04	2027-04-04T17:00:00+00:00	not_started	t_1BOam4	t_1rIGha	Rizespor	Kocaelispor	Rizespor	Kocaelispor				2026-10-02T15:53:44.006339+00:00	2	turkey			
m_0kpdYR	l_0S1uaf	2026/2027	2027-04-04	2027-04-04T17:00:00+00:00	not_started	t_2KgWmI	t_2T2HF1	Eyüpspor	Amed Sportif	Eyüpspor	Amed Sportif				2026-10-02T15:53:44.006339+00:00	2	turkey			
m_1NhkXH	l_0S1uaf	2026/2027	2027-04-04	2027-04-04T17:00:00+00:00	not_started	t_2SLZgT	t_2xuoCT	Çorum FK	Erzurumspor FK	Çorum FK	Erzurumspor FK				2026-10-02T15:53:44.006339+00:00	2	turkey			
m_1XoUj3	l_0S1uaf	2026/2027	2027-04-04	2027-04-04T17:00:00+00:00	not_started	t_0UHTp8	t_1AQRlk	Alanyaspor	Gençlerbirliği	Alanyaspor	Gençlerbirliği				2026-10-02T15:53:44.006339+00:00	2	turkey			
m_22rBLp	l_0S1uaf	2026/2027	2027-04-04	2027-04-04T17:00:00+00:00	not_started	t_15TWxO	t_1O0f4S	Galatasaray	Konyaspor	Galatasaray	Konyaspor				2026-10-02T15:53:44.006339+00:00	2	turkey			
m_28X8G4	l_0S1uaf	2026/2027	2027-04-04	2027-04-04T17:00:00+00:00	not_started	t_13kqMs	t_3DwdkH	Gaziantep FK	Trabzonspor	Gaziantep FK	Trabzonspor				2026-10-02T15:53:44.006339+00:00	2	turkey			
m_2Q2QTv	l_0S1uaf	2026/2027	2027-04-04	2027-04-04T17:00:00+00:00	not_started	t_3ecBqd	t_0vXWmF	Samsunspor	Başakşehir	Samsunspor	Başakşehir				2026-10-02T15:53:44.006339+00:00	2	turkey			
m_3pUPZP	l_0S1uaf	2026/2027	2027-04-04	2027-04-04T17:00:00+00:00	not_started	t_0QAIlC	t_0Re9DV	Beşiktaş	Kasımpaşa	Beşiktaş	Kasımpaşa				2026-10-02T15:53:44.006339+00:00	2	turkey			
m_3vKvQS	l_0S1uaf	2026/2027	2027-04-04	2027-04-04T17:00:00+00:00	not_started	t_2xIP6M	t_2wJJY2	Göztepe	Fenerbahçe	Göztepe	Fenerbahçe				2026-10-02T15:53:44.006339+00:00	2	turkey			
m_1IltHm	l_0S1uaf	2026/2027	2027-04-11	2027-04-11T17:00:00+00:00	not_started	t_1O0f4S	t_3ecBqd	Konyaspor	Samsunspor	Konyaspor	Samsunspor				2026-10-02T15:53:44.006339+00:00	2	turkey			
m_1KzYEP	l_0S1uaf	2026/2027	2027-04-11	2027-04-11T17:00:00+00:00	not_started	t_1rIGha	t_2KgWmI	Kocaelispor	Eyüpspor	Kocaelispor	Eyüpspor				2026-10-02T15:53:44.006339+00:00	2	turkey			
m_1iYAkD	l_0S1uaf	2026/2027	2027-04-11	2027-04-11T17:00:00+00:00	not_started	t_2xuoCT	t_1BOam4	Erzurumspor FK	Rizespor	Erzurumspor FK	Rizespor				2026-10-02T15:53:44.006339+00:00	2	turkey			
m_2Easl2	l_0S1uaf	2026/2027	2027-04-11	2027-04-11T17:00:00+00:00	not_started	t_0vXWmF	t_2xIP6M	Başakşehir	Göztepe	Başakşehir	Göztepe				2026-10-02T15:53:44.006339+00:00	2	turkey			
m_2yX7yt	l_0S1uaf	2026/2027	2027-04-11	2027-04-11T17:00:00+00:00	not_started	t_3DwdkH	t_0UHTp8	Trabzonspor	Alanyaspor	Trabzonspor	Alanyaspor				2026-10-02T15:53:44.006339+00:00	2	turkey			
m_3AzNt4	l_0S1uaf	2026/2027	2027-04-11	2027-04-11T17:00:00+00:00	not_started	t_1AQRlk	t_0QAIlC	Gençlerbirliği	Beşiktaş	Gençlerbirliği	Beşiktaş				2026-10-02T15:53:44.006339+00:00	2	turkey			
m_3y8Dia	l_0S1uaf	2026/2027	2027-04-11	2027-04-11T17:00:00+00:00	not_started	t_0Re9DV	t_13kqMs	Kasımpaşa	Gaziantep FK	Kasımpaşa	Gaziantep FK				2026-10-02T15:53:44.006339+00:00	2	turkey			
m_4OeDFi	l_0S1uaf	2026/2027	2027-04-11	2027-04-11T17:00:00+00:00	not_started	t_2T2HF1	t_15TWxO	Amed Sportif	Galatasaray	Amed Sportif	Galatasaray				2026-10-02T15:53:44.006339+00:00	2	turkey			
m_4RXpWP	l_0S1uaf	2026/2027	2027-04-11	2027-04-11T17:00:00+00:00	not_started	t_2wJJY2	t_2SLZgT	Fenerbahçe	Çorum FK	Fenerbahçe	Çorum FK				2026-10-02T15:53:44.006339+00:00	2	turkey			
m_1rhihM	l_0S1uaf	2026/2027	2027-04-18	2027-04-18T17:00:00+00:00	not_started	t_0QAIlC	t_1O0f4S	Beşiktaş	Konyaspor	Beşiktaş	Konyaspor				2026-10-02T15:53:44.006339+00:00	2	turkey			
m_1uTJgO	l_0S1uaf	2026/2027	2027-04-18	2027-04-18T17:00:00+00:00	not_started	t_2xIP6M	t_2xuoCT	Göztepe	Erzurumspor FK	Göztepe	Erzurumspor FK				2026-10-02T15:53:44.006339+00:00	2	turkey			
m_2PW3Nz	l_0S1uaf	2026/2027	2027-04-18	2027-04-18T17:00:00+00:00	not_started	t_2SLZgT	t_0vXWmF	Çorum FK	Başakşehir	Çorum FK	Başakşehir				2026-10-02T15:53:44.006339+00:00	2	turkey			
m_2XTUzP	l_0S1uaf	2026/2027	2027-04-18	2027-04-18T17:00:00+00:00	not_started	t_0UHTp8	t_0Re9DV	Alanyaspor	Kasımpaşa	Alanyaspor	Kasımpaşa				2026-10-02T15:53:44.006339+00:00	2	turkey			
m_2YfKWn	l_0S1uaf	2026/2027	2027-04-18	2027-04-18T17:00:00+00:00	not_started	t_3ecBqd	t_15TWxO	Samsunspor	Galatasaray	Samsunspor	Galatasaray				2026-10-02T15:53:44.006339+00:00	2	turkey			
m_2mShed	l_0S1uaf	2026/2027	2027-04-18	2027-04-18T17:00:00+00:00	not_started	t_13kqMs	t_1AQRlk	Gaziantep FK	Gençlerbirliği	Gaziantep FK	Gençlerbirliği				2026-10-02T15:53:44.006339+00:00	2	turkey			
m_3ullXz	l_0S1uaf	2026/2027	2027-04-18	2027-04-18T17:00:00+00:00	not_started	t_2KgWmI	t_3DwdkH	Eyüpspor	Trabzonspor	Eyüpspor	Trabzonspor				2026-10-02T15:53:44.006339+00:00	2	turkey			
m_4BRIij	l_0S1uaf	2026/2027	2027-04-18	2027-04-18T17:00:00+00:00	not_started	t_1BOam4	t_2T2HF1	Rizespor	Amed Sportif	Rizespor	Amed Sportif				2026-10-02T15:53:44.006339+00:00	2	turkey			
m_4W4uw7	l_0S1uaf	2026/2027	2027-04-18	2027-04-18T17:00:00+00:00	not_started	t_2wJJY2	t_1rIGha	Fenerbahçe	Kocaelispor	Fenerbahçe	Kocaelispor				2026-10-02T15:53:44.006339+00:00	2	turkey			
m_1O89Fh	l_0S1uaf	2026/2027	2027-04-25	2027-04-25T17:00:00+00:00	not_started	t_2xuoCT	t_2wJJY2	Erzurumspor FK	Fenerbahçe	Erzurumspor FK	Fenerbahçe				2026-10-02T15:53:44.006339+00:00	2	turkey			
m_1Q2gMN	l_0S1uaf	2026/2027	2027-04-25	2027-04-25T17:00:00+00:00	not_started	t_2T2HF1	t_13kqMs	Amed Sportif	Gaziantep FK	Amed Sportif	Gaziantep FK				2026-10-02T15:53:44.006339+00:00	2	turkey			
m_1SO9K1	l_0S1uaf	2026/2027	2027-04-25	2027-04-25T17:00:00+00:00	not_started	t_3DwdkH	t_2xIP6M	Trabzonspor	Göztepe	Trabzonspor	Göztepe				2026-10-02T15:53:44.006339+00:00	2	turkey			
m_1yy07K	l_0S1uaf	2026/2027	2027-04-25	2027-04-25T17:00:00+00:00	not_started	t_1rIGha	t_2SLZgT	Kocaelispor	Çorum FK	Kocaelispor	Çorum FK				2026-10-02T15:53:44.006339+00:00	2	turkey			
m_2JXQuW	l_0S1uaf	2026/2027	2027-04-25	2027-04-25T17:00:00+00:00	not_started	t_15TWxO	t_0QAIlC	Galatasaray	Beşiktaş	Galatasaray	Beşiktaş				2026-10-02T15:53:44.006339+00:00	2	turkey			
m_2S3VXK	l_0S1uaf	2026/2027	2027-04-25	2027-04-25T17:00:00+00:00	not_started	t_0Re9DV	t_1BOam4	Kasımpaşa	Rizespor	Kasımpaşa	Rizespor				2026-10-02T15:53:44.006339+00:00	2	turkey			
m_2pvMb0	l_0S1uaf	2026/2027	2027-04-25	2027-04-25T17:00:00+00:00	not_started	t_1O0f4S	t_0UHTp8	Konyaspor	Alanyaspor	Konyaspor	Alanyaspor				2026-10-02T15:53:44.006339+00:00	2	turkey			
m_2xITDp	l_0S1uaf	2026/2027	2027-04-25	2027-04-25T17:00:00+00:00	not_started	t_0vXWmF	t_2KgWmI	Başakşehir	Eyüpspor	Başakşehir	Eyüpspor				2026-10-02T15:53:44.006339+00:00	2	turkey			
m_37UYFp	l_0S1uaf	2026/2027	2027-04-25	2027-04-25T17:00:00+00:00	not_started	t_1AQRlk	t_3ecBqd	Gençlerbirliği	Samsunspor	Gençlerbirliği	Samsunspor				2026-10-02T15:53:44.006339+00:00	2	turkey			
m_11ImAq	l_0S1uaf	2026/2027	2027-05-02	2027-05-02T17:00:00+00:00	not_started	t_0UHTp8	t_2T2HF1	Alanyaspor	Amed Sportif	Alanyaspor	Amed Sportif				2026-10-02T15:53:44.006339+00:00	2	turkey			
m_1BrKex	l_0S1uaf	2026/2027	2027-05-02	2027-05-02T17:00:00+00:00	not_started	t_1BOam4	t_15TWxO	Rizespor	Galatasaray	Rizespor	Galatasaray				2026-10-02T15:53:44.006339+00:00	2	turkey			
m_1WNXJt	l_0S1uaf	2026/2027	2027-05-02	2027-05-02T17:00:00+00:00	not_started	t_2KgWmI	t_1AQRlk	Eyüpspor	Gençlerbirliği	Eyüpspor	Gençlerbirliği				2026-10-02T15:53:44.006339+00:00	2	turkey			
m_1zfhWp	l_0S1uaf	2026/2027	2027-05-02	2027-05-02T17:00:00+00:00	not_started	t_2wJJY2	t_0vXWmF	Fenerbahçe	Başakşehir	Fenerbahçe	Başakşehir				2026-10-02T15:53:44.006339+00:00	2	turkey			
m_29GCCy	l_0S1uaf	2026/2027	2027-05-02	2027-05-02T17:00:00+00:00	not_started	t_3ecBqd	t_0QAIlC	Samsunspor	Beşiktaş	Samsunspor	Beşiktaş				2026-10-02T15:53:44.006339+00:00	2	turkey			
m_2PN1nC	l_0S1uaf	2026/2027	2027-05-02	2027-05-02T17:00:00+00:00	not_started	t_13kqMs	t_1O0f4S	Gaziantep FK	Konyaspor	Gaziantep FK	Konyaspor				2026-10-02T15:53:44.006339+00:00	2	turkey			
m_2kyf6S	l_0S1uaf	2026/2027	2027-05-02	2027-05-02T17:00:00+00:00	not_started	t_2SLZgT	t_3DwdkH	Çorum FK	Trabzonspor	Çorum FK	Trabzonspor				2026-10-02T15:53:44.006339+00:00	2	turkey			
m_2wuRgC	l_0S1uaf	2026/2027	2027-05-02	2027-05-02T17:00:00+00:00	not_started	t_2xIP6M	t_0Re9DV	Göztepe	Kasımpaşa	Göztepe	Kasımpaşa				2026-10-02T15:53:44.006339+00:00	2	turkey			
m_44bgUH	l_0S1uaf	2026/2027	2027-05-02	2027-05-02T17:00:00+00:00	not_started	t_1rIGha	t_2xuoCT	Kocaelispor	Erzurumspor FK	Kocaelispor	Erzurumspor FK				2026-10-02T15:53:44.006339+00:00	2	turkey			
m_10jQng	l_0S1uaf	2026/2027	2027-05-09	2027-05-09T17:00:00+00:00	not_started	t_0Re9DV	t_2xuoCT	Kasımpaşa	Erzurumspor FK	Kasımpaşa	Erzurumspor FK				2026-10-02T15:53:44.006339+00:00	2	turkey			
m_1NGWUa	l_0S1uaf	2026/2027	2027-05-09	2027-05-09T17:00:00+00:00	not_started	t_3ecBqd	t_0UHTp8	Samsunspor	Alanyaspor	Samsunspor	Alanyaspor				2026-10-02T15:53:44.006339+00:00	2	turkey			
m_2XO9s1	l_0S1uaf	2026/2027	2027-05-09	2027-05-09T17:00:00+00:00	not_started	t_3DwdkH	t_2wJJY2	Trabzonspor	Fenerbahçe	Trabzonspor	Fenerbahçe				2026-10-02T15:53:44.006339+00:00	2	turkey			
m_2cbyq5	l_0S1uaf	2026/2027	2027-05-09	2027-05-09T17:00:00+00:00	not_started	t_1O0f4S	t_2xIP6M	Konyaspor	Göztepe	Konyaspor	Göztepe				2026-10-02T15:53:44.006339+00:00	2	turkey			
m_2clpE6	l_0S1uaf	2026/2027	2027-05-09	2027-05-09T17:00:00+00:00	not_started	t_0vXWmF	t_1BOam4	Başakşehir	Rizespor	Başakşehir	Rizespor				2026-10-02T15:53:44.006339+00:00	2	turkey			
m_4Clrtr	l_0S1uaf	2026/2027	2027-05-09	2027-05-09T17:00:00+00:00	not_started	t_2T2HF1	t_2SLZgT	Amed Sportif	Çorum FK	Amed Sportif	Çorum FK				2026-10-02T15:53:44.006339+00:00	2	turkey			
m_4DXImI	l_0S1uaf	2026/2027	2027-05-09	2027-05-09T17:00:00+00:00	not_started	t_15TWxO	t_2KgWmI	Galatasaray	Eyüpspor	Galatasaray	Eyüpspor				2026-10-02T15:53:44.006339+00:00	2	turkey			
m_4IVenY	l_0S1uaf	2026/2027	2027-05-09	2027-05-09T17:00:00+00:00	not_started	t_1AQRlk	t_1rIGha	Gençlerbirliği	Kocaelispor	Gençlerbirliği	Kocaelispor				2026-10-02T15:53:44.006339+00:00	2	turkey			
m_4Utz7B	l_0S1uaf	2026/2027	2027-05-09	2027-05-09T17:00:00+00:00	not_started	t_0QAIlC	t_13kqMs	Beşiktaş	Gaziantep FK	Beşiktaş	Gaziantep FK				2026-10-02T15:53:44.006339+00:00	2	turkey			
m_04D2Ef	l_0S1uaf	2026/2027	2027-05-16	2027-05-16T17:00:00+00:00	not_started	t_2wJJY2	t_0Re9DV	Fenerbahçe	Kasımpaşa	Fenerbahçe	Kasımpaşa				2026-10-02T15:53:44.006339+00:00	2	turkey			
m_14nYsV	l_0S1uaf	2026/2027	2027-05-16	2027-05-16T17:00:00+00:00	not_started	t_13kqMs	t_3ecBqd	Gaziantep FK	Samsunspor	Gaziantep FK	Samsunspor				2026-10-02T15:53:44.006339+00:00	2	turkey			
m_1EIpzb	l_0S1uaf	2026/2027	2027-05-16	2027-05-16T17:00:00+00:00	not_started	t_2SLZgT	t_1AQRlk	Çorum FK	Gençlerbirliği	Çorum FK	Gençlerbirliği				2026-10-02T15:53:44.006339+00:00	2	turkey			
m_1yXRcw	l_0S1uaf	2026/2027	2027-05-16	2027-05-16T17:00:00+00:00	not_started	t_0UHTp8	t_15TWxO	Alanyaspor	Galatasaray	Alanyaspor	Galatasaray				2026-10-02T15:53:44.006339+00:00	2	turkey			
m_2HHzIC	l_0S1uaf	2026/2027	2027-05-16	2027-05-16T17:00:00+00:00	not_started	t_2KgWmI	t_1O0f4S	Eyüpspor	Konyaspor	Eyüpspor	Konyaspor				2026-10-02T15:53:44.006339+00:00	2	turkey			
m_34PPTr	l_0S1uaf	2026/2027	2027-05-16	2027-05-16T17:00:00+00:00	not_started	t_1rIGha	t_3DwdkH	Kocaelispor	Trabzonspor	Kocaelispor	Trabzonspor				2026-10-02T15:53:44.006339+00:00	2	turkey			
m_3ZcoNx	l_0S1uaf	2026/2027	2027-05-16	2027-05-16T17:00:00+00:00	not_started	t_2xIP6M	t_2T2HF1	Göztepe	Amed Sportif	Göztepe	Amed Sportif				2026-10-02T15:53:44.006339+00:00	2	turkey			
m_49T2nL	l_0S1uaf	2026/2027	2027-05-16	2027-05-16T17:00:00+00:00	not_started	t_1BOam4	t_0QAIlC	Rizespor	Beşiktaş	Rizespor	Beşiktaş				2026-10-02T15:53:44.006339+00:00	2	turkey			
m_4WkBlm	l_0S1uaf	2026/2027	2027-05-16	2027-05-16T17:00:00+00:00	not_started	t_2xuoCT	t_0vXWmF	Erzurumspor FK	Başakşehir	Erzurumspor FK	Başakşehir				2026-10-02T15:53:44.006339+00:00	2	turkey			
m_1HP298	l_0S1uaf	2026/2027	2027-05-23	2027-05-23T17:00:00+00:00	not_started	t_1AQRlk	t_1BOam4	Gençlerbirliği	Rizespor	Gençlerbirliği	Rizespor				2026-10-02T15:53:44.006339+00:00	2	turkey			
m_1ejjdx	l_0S1uaf	2026/2027	2027-05-23	2027-05-23T17:00:00+00:00	not_started	t_1O0f4S	t_2SLZgT	Konyaspor	Çorum FK	Konyaspor	Çorum FK				2026-10-02T15:53:44.006339+00:00	2	turkey			
m_27BHMh	l_0S1uaf	2026/2027	2027-05-23	2027-05-23T17:00:00+00:00	not_started	t_3DwdkH	t_2xuoCT	Trabzonspor	Erzurumspor FK	Trabzonspor	Erzurumspor FK				2026-10-02T15:53:44.006339+00:00	2	turkey			
m_2J69Or	l_0S1uaf	2026/2027	2027-05-23	2027-05-23T17:00:00+00:00	not_started	t_0QAIlC	t_2xIP6M	Beşiktaş	Göztepe	Beşiktaş	Göztepe				2026-10-02T15:53:44.006339+00:00	2	turkey			
m_2UKDhT	l_0S1uaf	2026/2027	2027-05-23	2027-05-23T17:00:00+00:00	not_started	t_3ecBqd	t_2KgWmI	Samsunspor	Eyüpspor	Samsunspor	Eyüpspor				2026-10-02T15:53:44.006339+00:00	2	turkey			
m_2je6TG	l_0S1uaf	2026/2027	2027-05-23	2027-05-23T17:00:00+00:00	not_started	t_2T2HF1	t_2wJJY2	Amed Sportif	Fenerbahçe	Amed Sportif	Fenerbahçe				2026-10-02T15:53:44.006339+00:00	2	turkey			
m_3RPugY	l_0S1uaf	2026/2027	2027-05-23	2027-05-23T17:00:00+00:00	not_started	t_0vXWmF	t_0UHTp8	Başakşehir	Alanyaspor	Başakşehir	Alanyaspor				2026-10-02T15:53:44.006339+00:00	2	turkey			
m_3XAyaZ	l_0S1uaf	2026/2027	2027-05-23	2027-05-23T17:00:00+00:00	not_started	t_15TWxO	t_13kqMs	Galatasaray	Gaziantep FK	Galatasaray	Gaziantep FK				2026-10-02T15:53:44.006339+00:00	2	turkey			
m_45OeVP	l_0S1uaf	2026/2027	2027-05-23	2027-05-23T17:00:00+00:00	not_started	t_0Re9DV	t_1rIGha	Kasımpaşa	Kocaelispor	Kasımpaşa	Kocaelispor				2026-10-02T15:53:44.006339+00:00	2	turkey			
