fixture_id	provider_match_id	confidence	reason	provider	home_team_id	away_team_id	kickoff_utc	mapped_at
fx:844d0c114e3523a2274e	m_3UP3BU	1.0	normalized oriented team pair + kickoff tolerance	pitchapi	turkey:konyaspor	turkey:rizespor	2026-08-15 16:00:00+00:00	2026-10-02T15:39:47.232270+00:00
fx:aeadca58a80c8ad62598	m_11PLn8	1.0	normalized oriented team pair + kickoff tolerance	pitchapi	turkey:gaziantep	turkey:alanyaspor	2026-08-15 18:30:00+00:00	2026-10-02T15:39:47.232270+00:00
fx:acc5499e5d804452e55f	m_3kRYmL	1.0	normalized oriented team pair + kickoff tolerance	pitchapi	turkey:genclerbirligi	turkey:fenerbahce	2026-08-15 18:30:00+00:00	2026-10-02T15:39:47.232270+00:00
fx:6a31bc790e8ce4aa97e0	m_1Diz5g	1.0	normalized oriented team pair + kickoff tolerance	pitchapi	turkey:besiktas	turkey:eyupspor	2026-08-16 18:30:00+00:00	2026-10-02T15:39:47.232270+00:00
fx:8857040071af0c43ea01	m_0plm13	1.0	normalized oriented team pair + kickoff tolerance	pitchapi	turkey:samsunspor	turkey:goztep	2026-08-17 18:30:00+00:00	2026-10-02T15:39:47.232270+00:00
fx:cc1199ede9d475f30300	m_0OtMe7	1.0	normalized oriented team pair + kickoff tolerance	pitchapi	turkey:rizespor	turkey:samsunspor	2026-08-22 16:00:00+00:00	2026-10-02T15:39:47.232270+00:00
fx:d0bad11b8d64726ac39c	m_2I7rj1	1.0	normalized oriented team pair + kickoff tolerance	pitchapi	turkey:fenerbahce	turkey:konyaspor	2026-08-22 18:30:00+00:00	2026-10-02T15:39:47.232270+00:00
fx:f469f7fef7e0993fff1f	m_4QT1Er	1.0	normalized oriented team pair + kickoff tolerance	pitchapi	turkey:eyupspor	turkey:gaziantep	2026-08-23 16:00:00+00:00	2026-10-02T15:39:47.232270+00:00
fx:cf445544320128bf2e46	m_3ZyrkY	1.0	normalized oriented team pair + kickoff tolerance	pitchapi	turkey:alanyaspor	turkey:besiktas	2026-08-23 18:30:00+00:00	2026-10-02T15:39:47.232270+00:00
fx:c2b42c965755bf35044f	m_3cQyWA	1.0	normalized oriented team pair + kickoff tolerance	pitchapi	turkey:goztep	turkey:genclerbirligi	2026-08-23 18:30:00+00:00	2026-10-02T15:39:47.232270+00:00
fx:db867f61c2d24980a4a4	m_3AJ95i	1.0	normalized oriented team pair + kickoff tolerance	pitchapi	turkey:konyaspor	turkey:kocaelispor	2026-08-29 16:00:00+00:00	2026-10-02T15:39:47.232270+00:00
fx:6137081bff6af9c85532	m_0dEKAw	1.0	normalized oriented team pair + kickoff tolerance	pitchapi	turkey:galatasaray	turkey:goztep	2026-08-29 18:30:00+00:00	2026-10-02T15:39:47.232270+00:00
fx:32b8b615c94ec7aab495	m_1MFi3P	1.0	normalized oriented team pair + kickoff tolerance	pitchapi	turkey:gaziantep	turkey:rizespor	2026-08-29 18:30:00+00:00	2026-10-02T15:39:47.232270+00:00
fx:7b991b4b3699537c8c99	m_07t114	1.0	normalized oriented team pair + kickoff tolerance	pitchapi	turkey:eyupspor	turkey:alanyaspor	2026-08-30 16:00:00+00:00	2026-10-02T15:39:47.232270+00:00
fx:73b2da3933fdafde7984	m_1j1eXU	1.0	normalized oriented team pair + kickoff tolerance	pitchapi	turkey:samsunspor	turkey:fenerbahce	2026-08-30 18:30:00+00:00	2026-10-02T15:39:47.232270+00:00
fx:71f99eb547f0e5b5d0af	m_2jx9pd	1.0	normalized oriented team pair + kickoff tolerance	pitchapi	turkey:fenerbahce	turkey:besiktas	2026-09-05 17:00:00+00:00	2026-10-02T15:39:47.232270+00:00
fx:bcaa514551f2567dab10	m_1GrkgX	1.0	normalized oriented team pair + kickoff tolerance	pitchapi	turkey:kocaelispor	turkey:samsunspor	2026-09-06 17:00:00+00:00	2026-10-02T15:39:47.232270+00:00
fx:c961455aa60c935b06c5	m_01rDrk	1.0	normalized oriented team pair + kickoff tolerance	pitchapi	turkey:trabzonspor	turkey:genclerbirligi	2026-09-06 17:00:00+00:00	2026-10-02T15:39:47.232270+00:00
fx:04399989384c0d421e4a	m_3DMHuM	1.0	normalized oriented team pair + kickoff tolerance	pitchapi	turkey:rizespor	turkey:alanyaspor	2026-09-07 17:00:00+00:00	2026-10-02T15:39:47.232270+00:00
fx:7d3dcce243370e2dc612	m_0bpoHI	1.0	normalized oriented team pair + kickoff tolerance	pitchapi	turkey:goztep	turkey:gaziantep	2026-09-07 17:00:00+00:00	2026-10-02T15:39:47.232270+00:00
fx:d6920a4c96cdaa56e923	m_0VmT9G	1.0	normalized oriented team pair + kickoff tolerance	pitchapi	turkey:eyupspor	turkey:rizespor	2026-09-12 14:00:00+00:00	2026-10-02T15:39:47.232270+00:00
fx:831be342a8d0878cc7b2	m_3Am6Jk	1.0	normalized oriented team pair + kickoff tolerance	pitchapi	turkey:konyaspor	turkey:trabzonspor	2026-09-12 17:00:00+00:00	2026-10-02T15:39:47.232270+00:00
fx:4cd10ddf8284384b88c3	m_2meSA6	1.0	normalized oriented team pair + kickoff tolerance	pitchapi	turkey:alanyaspor	turkey:goztep	2026-09-12 17:00:00+00:00	2026-10-02T15:39:47.232270+00:00
fx:0bd3fd112ab588730138	m_3wgssq	1.0	normalized oriented team pair + kickoff tolerance	pitchapi	turkey:galatasaray	turkey:kocaelispor	2026-09-13 17:00:00+00:00	2026-10-02T15:39:47.232270+00:00
fx:ad4552b10e15f340cd68	m_0u8sWt	1.0	normalized oriented team pair + kickoff tolerance	pitchapi	turkey:gaziantep	turkey:fenerbahce	2026-09-14 17:00:00+00:00	2026-10-02T15:39:47.232270+00:00
fx:d4bfb711b72f1fb6d7a9	m_0M4yyA	1.0	normalized oriented team pair + kickoff tolerance	pitchapi	turkey:kocaelispor	turkey:gaziantep	2026-09-19 14:00:00+00:00	2026-10-02T15:39:47.232270+00:00
fx:c92956d4a298f58ad595	m_2oMdb9	1.0	normalized oriented team pair + kickoff tolerance	pitchapi	turkey:trabzonspor	turkey:galatasaray	2026-09-19 17:00:00+00:00	2026-10-02T15:39:47.232270+00:00
fx:cf3165c5386b21bad697	m_1xtgsw	1.0	normalized oriented team pair + kickoff tolerance	pitchapi	turkey:fenerbahce	turkey:eyupspor	2026-09-20 14:00:00+00:00	2026-10-02T15:39:47.232270+00:00
fx:538e768d50737c3425c2	m_1ZgcbS	1.0	normalized oriented team pair + kickoff tolerance	pitchapi	turkey:goztep	turkey:rizespor	2026-09-20 17:00:00+00:00	2026-10-02T15:39:47.232270+00:00
turkey:espn:401888280	m_1dT46x	1.0	normalized oriented team pair + kickoff tolerance	pitchapi	turkey:galatasaray	turkey:kasimpasa	2026-10-09 17:00:00+00:00	2026-10-02T15:53:42.788747+00:00
turkey:espn:401888278	m_0lfjea	1.0	normalized oriented team pair + kickoff tolerance	pitchapi	turkey:samsunspor	turkey:trabzonspor	2026-10-10 13:00:00+00:00	2026-10-02T15:53:42.788747+00:00
turkey:espn:401888282	m_2RpIWF	1.0	normalized oriented team pair + kickoff tolerance	pitchapi	turkey:rizespor	turkey:fenerbahce	2026-10-10 16:00:00+00:00	2026-10-02T15:53:42.788747+00:00
turkey:espn:401888281	m_3s55Uo	1.0	normalized oriented team pair + kickoff tolerance	pitchapi	turkey:konyaspor	turkey:buyuksehyr	2026-10-11 10:30:00+00:00	2026-10-02T15:53:42.788747+00:00
turkey:espn:401888380	m_0sAmks	1.0	normalized oriented team pair + kickoff tolerance	pitchapi	turkey:gaziantep	turkey:corum-fk	2026-10-11 13:00:00+00:00	2026-10-02T15:53:42.788747+00:00
turkey:espn:401888279	m_1HPX5u	1.0	normalized oriented team pair + kickoff tolerance	pitchapi	turkey:besiktas	turkey:kocaelispor	2026-10-11 16:00:00+00:00	2026-10-02T15:53:42.788747+00:00
turkey:espn:401888284	m_0v4NPK	1.0	normalized oriented team pair + kickoff tolerance	pitchapi	turkey:eyupspor	turkey:goztep	2026-10-12 17:00:00+00:00	2026-10-02T15:53:42.788747+00:00
turkey:espn:401888377	m_0nHQhB	1.0	normalized oriented team pair + kickoff tolerance	pitchapi	turkey:corum-fk	turkey:rizespor	2026-10-16 17:00:00+00:00	2026-10-02T15:53:42.788747+00:00
turkey:espn:401888274	m_1zEIDP	1.0	normalized oriented team pair + kickoff tolerance	pitchapi	turkey:genclerbirligi	turkey:galatasaray	2026-10-17 13:00:00+00:00	2026-10-02T15:53:42.788747+00:00
turkey:espn:401888273	m_2x5NnQ	1.0	normalized oriented team pair + kickoff tolerance	pitchapi	turkey:fenerbahce	turkey:alanyaspor	2026-10-17 16:00:00+00:00	2026-10-02T15:53:42.788747+00:00
turkey:espn:401888276	m_23c9Wt	1.0	normalized oriented team pair + kickoff tolerance	pitchapi	turkey:kasimpasa	turkey:samsunspor	2026-10-18 10:30:00+00:00	2026-10-02T15:53:42.788747+00:00
turkey:espn:401888272	m_0yauUM	1.0	normalized oriented team pair + kickoff tolerance	pitchapi	turkey:kocaelispor	turkey:goztep	2026-10-18 13:00:00+00:00	2026-10-02T15:53:42.788747+00:00
turkey:espn:401888275	m_0AXnFJ	1.0	normalized oriented team pair + kickoff tolerance	pitchapi	turkey:buyuksehyr	turkey:gaziantep	2026-10-18 16:00:00+00:00	2026-10-02T15:53:42.788747+00:00
turkey:espn:401888277	m_1iEOsi	1.0	normalized oriented team pair + kickoff tolerance	pitchapi	turkey:trabzonspor	turkey:besiktas	2026-10-19 17:00:00+00:00	2026-10-02T15:53:42.788747+00:00
turkey:espn:401888268	m_0YbCcI	1.0	normalized oriented team pair + kickoff tolerance	pitchapi	turkey:alanyaspor	turkey:kocaelispor	2026-10-23 17:00:00+00:00	2026-10-02T15:53:42.788747+00:00
turkey:espn:401888269	m_0BNqPO	1.0	normalized oriented team pair + kickoff tolerance	pitchapi	turkey:eyupspor	turkey:kasimpasa	2026-10-24 10:30:00+00:00	2026-10-02T15:53:42.788747+00:00
turkey:espn:401888266	m_092k38	1.0	normalized oriented team pair + kickoff tolerance	pitchapi	turkey:konyaspor	turkey:genclerbirligi	2026-10-25 13:00:00+00:00	2026-10-02T15:53:42.788747+00:00
turkey:espn:401888376	m_0V3NQN	1.0	normalized oriented team pair + kickoff tolerance	pitchapi	turkey:goztep	turkey:corum-fk	2026-10-25 16:00:00+00:00	2026-10-02T15:53:42.788747+00:00
turkey:espn:401888267	m_2hVVbS	1.0	normalized oriented team pair + kickoff tolerance	pitchapi	turkey:rizespor	turkey:trabzonspor	2026-10-26 16:00:00+00:00	2026-10-02T15:53:42.788747+00:00
turkey:espn:401888264	m_23cP3l	1.0	normalized oriented team pair + kickoff tolerance	pitchapi	turkey:besiktas	turkey:buyuksehyr	2026-10-26 16:00:00+00:00	2026-10-02T15:53:42.788747+00:00
turkey:espn:401888265	m_3JsVZL	1.0	normalized oriented team pair + kickoff tolerance	pitchapi	turkey:galatasaray	turkey:fenerbahce	2026-10-26 18:30:00+00:00	2026-10-02T15:53:42.788747+00:00
turkey:espn:401888259	m_46IsSa	1.0	normalized oriented team pair + kickoff tolerance	pitchapi	turkey:konyaspor	turkey:galatasaray	2026-10-30 17:00:00+00:00	2026-10-02T15:53:42.788747+00:00
turkey:espn:401888257	m_46MtQh	1.0	normalized oriented team pair + kickoff tolerance	pitchapi	turkey:kocaelispor	turkey:rizespor	2026-10-31 13:00:00+00:00	2026-10-02T15:53:42.788747+00:00
turkey:espn:401888258	m_2YUMN6	1.0	normalized oriented team pair + kickoff tolerance	pitchapi	turkey:fenerbahce	turkey:goztep	2026-10-31 16:00:00+00:00	2026-10-02T15:53:42.788747+00:00
turkey:espn:401888263	m_0BwVd8	1.0	normalized oriented team pair + kickoff tolerance	pitchapi	turkey:trabzonspor	turkey:gaziantep	2026-11-01 13:00:00+00:00	2026-10-02T15:53:42.788747+00:00
turkey:espn:401888261	m_4FEuOy	1.0	normalized oriented team pair + kickoff tolerance	pitchapi	turkey:buyuksehyr	turkey:samsunspor	2026-11-01 13:00:00+00:00	2026-10-02T15:53:42.788747+00:00
turkey:espn:401888262	m_0obrfR	1.0	normalized oriented team pair + kickoff tolerance	pitchapi	turkey:kasimpasa	turkey:besiktas	2026-11-01 16:00:00+00:00	2026-10-02T15:53:42.788747+00:00
turkey:espn:401888260	m_0ILNZ3	1.0	normalized oriented team pair + kickoff tolerance	pitchapi	turkey:genclerbirligi	turkey:alanyaspor	2026-11-02 17:00:00+00:00	2026-10-02T15:53:42.788747+00:00
turkey:espn:401888256	m_12G6QF	1.0	normalized oriented team pair + kickoff tolerance	pitchapi	turkey:gaziantep	turkey:kasimpasa	2026-11-06 17:00:00+00:00	2026-10-02T15:53:42.788747+00:00
turkey:espn:401888255	m_1ZfVht	1.0	normalized oriented team pair + kickoff tolerance	pitchapi	turkey:eyupspor	turkey:kocaelispor	2026-11-07 10:30:00+00:00	2026-10-02T15:53:42.788747+00:00
turkey:espn:401888250	m_3PC9J0	1.0	normalized oriented team pair + kickoff tolerance	pitchapi	turkey:samsunspor	turkey:konyaspor	2026-11-07 13:00:00+00:00	2026-10-02T15:53:42.788747+00:00
turkey:espn:401888252	m_14mbeK	1.0	normalized oriented team pair + kickoff tolerance	pitchapi	turkey:goztep	turkey:buyuksehyr	2026-11-07 16:00:00+00:00	2026-10-02T15:53:42.788747+00:00
turkey:espn:401888372	m_2d7YyQ	1.0	normalized oriented team pair + kickoff tolerance	pitchapi	turkey:corum-fk	turkey:fenerbahce	2026-11-08 13:00:00+00:00	2026-10-02T15:53:42.788747+00:00
turkey:espn:401888254	m_4KgMsz	1.0	normalized oriented team pair + kickoff tolerance	pitchapi	turkey:alanyaspor	turkey:trabzonspor	2026-11-08 15:30:00+00:00	2026-10-02T15:53:42.788747+00:00
turkey:espn:401888251	m_1m90jr	1.0	normalized oriented team pair + kickoff tolerance	pitchapi	turkey:besiktas	turkey:genclerbirligi	2026-11-08 18:00:00+00:00	2026-10-02T15:53:42.788747+00:00
turkey:espn:401888247	m_0DtFS8	1.0	normalized oriented team pair + kickoff tolerance	pitchapi	turkey:genclerbirligi	turkey:gaziantep	2026-11-21 10:30:00+00:00	2026-10-02T15:53:42.788747+00:00
turkey:espn:401888245	m_2Nqkzr	1.0	normalized oriented team pair + kickoff tolerance	pitchapi	turkey:galatasaray	turkey:samsunspor	2026-11-21 13:00:00+00:00	2026-10-02T15:53:42.788747+00:00
turkey:espn:401888244	m_4Nltap	1.0	normalized oriented team pair + kickoff tolerance	pitchapi	turkey:kocaelispor	turkey:fenerbahce	2026-11-21 16:00:00+00:00	2026-10-02T15:53:42.788747+00:00
turkey:espn:401888246	m_1lrxfA	1.0	normalized oriented team pair + kickoff tolerance	pitchapi	turkey:konyaspor	turkey:besiktas	2026-11-22 13:00:00+00:00	2026-10-02T15:53:42.788747+00:00
turkey:espn:401888248	m_0d0c1o	1.0	normalized oriented team pair + kickoff tolerance	pitchapi	turkey:kasimpasa	turkey:alanyaspor	2026-11-22 13:00:00+00:00	2026-10-02T15:53:42.788747+00:00
turkey:espn:401888249	m_053xJU	1.0	normalized oriented team pair + kickoff tolerance	pitchapi	turkey:trabzonspor	turkey:eyupspor	2026-11-22 16:00:00+00:00	2026-10-02T15:53:42.788747+00:00
turkey:espn:401888370	m_3tsGl4	1.0	normalized oriented team pair + kickoff tolerance	pitchapi	turkey:buyuksehyr	turkey:corum-fk	2026-11-23 17:00:00+00:00	2026-10-02T15:53:42.788747+00:00
turkey:espn:401888240	m_3uX5Mk	1.0	normalized oriented team pair + kickoff tolerance	pitchapi	turkey:rizespor	turkey:kasimpasa	2026-11-27 17:00:00+00:00	2026-10-02T15:53:42.788747+00:00
turkey:espn:401888241	m_16k6dO	1.0	normalized oriented team pair + kickoff tolerance	pitchapi	turkey:alanyaspor	turkey:konyaspor	2026-11-27 17:00:00+00:00	2026-10-02T15:53:42.788747+00:00
turkey:espn:401888236	m_0sliPh	1.0	normalized oriented team pair + kickoff tolerance	pitchapi	turkey:samsunspor	turkey:genclerbirligi	2026-11-28 13:00:00+00:00	2026-10-02T15:53:42.788747+00:00
turkey:espn:401888367	m_19ZMIB	1.0	normalized oriented team pair + kickoff tolerance	pitchapi	turkey:corum-fk	turkey:kocaelispor	2026-11-29 10:30:00+00:00	2026-10-02T15:53:42.788747+00:00
turkey:espn:401888242	m_4Bhb3d	1.0	normalized oriented team pair + kickoff tolerance	pitchapi	turkey:eyupspor	turkey:buyuksehyr	2026-11-29 13:00:00+00:00	2026-10-02T15:53:42.788747+00:00
turkey:espn:401888239	m_0OLvow	1.0	normalized oriented team pair + kickoff tolerance	pitchapi	turkey:goztep	turkey:trabzonspor	2026-11-30 16:00:00+00:00	2026-10-02T15:53:42.788747+00:00
turkey:espn:401888237	m_18i8cZ	1.0	normalized oriented team pair + kickoff tolerance	pitchapi	turkey:besiktas	turkey:galatasaray	2026-11-30 18:00:00+00:00	2026-10-02T15:53:42.788747+00:00
