fixture_id,provider_event_id,source,observed_at,kickoff_utc,edition_id,rules_version,Date,Time,HomeTeam,AwayTeam,home_team_id,away_team_id,Status,home_history_n,home_rest_days,home_points_l5,home_goals_for_l5,home_goals_against_l5,home_goal_diff_l10,home_clean_sheet_l10,home_shots_for_ewm10,home_shots_against_ewm10,away_history_n,away_rest_days,away_points_l5,away_goals_for_l5,away_goals_against_l5,away_goal_diff_l10,away_clean_sheet_l10,away_shots_for_ewm10,away_shots_against_ewm10,HomeTeamPointsLast5,AwayTeamPointsLast5,HomeRestDays,AwayRestDays,as_of,HomeWin_Prob,Draw_Prob,AwayWin_Prob,PredictedResult,ModelLean,ModelLeanProbability,Risk_Score,Confidence_Score,Risk_Category,Recommendation,BetRecommendation,BetReason,PredictionGeneratedAt,OddsEventId,Bookmaker,OddsHome,OddsDraw,OddsAway,MarketHomeProb,MarketDrawProb,MarketAwayProb,MarketMargin,OddsUpdatedAt,OddsProvider,HomeValueEdge,DrawValueEdge,AwayValueEdge,BestValueOutcome,BestValueEdge,BestValueExpectedReturn,OddsMatched
turkey:espn:401888280,401888280,espn,2026-10-02T11:58:49.701216+00:00,2026-10-09 17:00:00+00:00,tur.1:2026-27,tur.1-2026-27-v1,2026-10-09,18:00,Galatasaray,Kasimpasa,turkey:galatasaray,turkey:kasimpasa,STATUS_SCHEDULED,150,20.0,12.0,2.2,1.6,0.4,0.3,19.428937225228136,9.740807922154746,150,21.0,9.0,1.2,0.8,-0.2,0.3,11.153461859991213,12.71029553842399,12.0,9.0,20.0,21.0,2026-10-02T16:17:17.134640+00:00,0.7101780441211377,0.20344955356470684,0.08637240231415548,Home Win,Galatasaray,0.7101780441211377,45.763933297601,0.54236066702399,Low Risk,Strong Home Lean,No bet,Market odds unavailable; betting value cannot be established.,2026-10-02T16:17:23.421458+00:00,,,,,,,,,,,,,,,,,,False
turkey:espn:401888379,401888379,espn,2026-10-02T11:58:49.701216+00:00,2026-10-10 10:30:00+00:00,tur.1:2026-27,tur.1-2026-27-v1,2026-10-10,11:30,Genclerbirligi,Amed SFK,turkey:genclerbirligi,turkey:amed-sfk,STATUS_SCHEDULED,40,20.729166666666668,4.0,0.6,2.4,-0.4,0.3,11.680300312356438,15.866531471147226,0,,,,,,,,,4.0,,20.729166666666668,,2026-10-02T16:17:17.134640+00:00,0.3141127792882623,0.30866636547773046,0.3772208552340071,Away Win,Amed SFK,0.3772208552340071,93.52343198510499,0.06476568014895012,Critical Risk,No Clear Edge,No bet,Market odds unavailable; betting value cannot be established.,2026-10-02T16:17:23.421458+00:00,,,,,,,,,,,,,,,,,,False
turkey:espn:401888283,401888283,espn,2026-10-02T11:58:49.701216+00:00,2026-10-10 13:00:00+00:00,tur.1:2026-27,tur.1-2026-27-v1,2026-10-10,14:00,Alanyaspor,Erzurum BB,turkey:alanyaspor,turkey:erzurum-bb,STATUS_SCHEDULED,150,20.958333333333332,10.0,1.4,1.0,0.2,0.3,11.354002660037635,13.316563722023323,0,,,,,,,,,10.0,,20.958333333333332,,2026-10-02T16:17:17.134640+00:00,0.283652474494419,0.4534315667706081,0.262915958734973,Draw,Draw,0.4534315667706081,82.39097942318055,0.17609020576819448,High Risk,No Clear Edge,No bet,Market odds unavailable; betting value cannot be established.,2026-10-02T16:17:23.421458+00:00,,,,,,,,,,,,,,,,,,False
turkey:espn:401888278,401888278,espn,2026-10-02T11:58:49.701216+00:00,2026-10-10 13:00:00+00:00,tur.1:2026-27,tur.1-2026-27-v1,2026-10-10,14:00,Samsunspor,Trabzonspor,turkey:samsunspor,turkey:trabzonspor,STATUS_SCHEDULED,114,19.958333333333332,3.0,0.6,1.8,-0.2,0.2,12.908832779568215,14.012044997783821,150,20.833333333333332,9.0,2.4,0.8,0.5,0.2,13.45500763665225,13.339808814248972,3.0,9.0,19.958333333333332,20.833333333333332,2026-10-02T16:17:17.134640+00:00,0.363984421704374,0.3472338856585949,0.2887816926370312,Home Win,Samsunspor,0.363984421704374,96.54596660780928,0.034540333921907244,Critical Risk,No Clear Edge,No bet,Market odds unavailable; betting value cannot be established.,2026-10-02T16:17:23.421458+00:00,,,,,,,,,,,,,,,,,,False
turkey:espn:401888282,401888282,espn,2026-10-02T11:58:49.701216+00:00,2026-10-10 16:00:00+00:00,tur.1:2026-27,tur.1-2026-27-v1,2026-10-10,17:00,Rizespor,Fenerbahce,turkey:rizespor,turkey:fenerbahce,STATUS_SCHEDULED,114,19.958333333333332,7.0,1.2,1.2,-0.4,0.2,14.586838275530745,16.42956853148632,150,20.083333333333332,10.0,3.0,0.8,1.2,0.4,17.76204291704078,12.41761338088559,7.0,10.0,19.958333333333332,20.083333333333332,2026-10-02T16:17:17.134640+00:00,0.19330185520720017,0.30066452775287833,0.5060336170399214,Away Win,Fenerbahce,0.5060336170399214,76.19553147207941,0.23804468527920594,Moderate Risk,No Clear Edge,No bet,Market odds unavailable; betting value cannot be established.,2026-10-02T16:17:23.421458+00:00,,,,,,,,,,,,,,,,,,False
turkey:espn:401888281,401888281,espn,2026-10-02T11:58:49.701216+00:00,2026-10-11 10:30:00+00:00,tur.1:2026-27,tur.1-2026-27-v1,2026-10-11,11:30,Konyaspor,Buyuksehyr,turkey:konyaspor,turkey:buyuksehyr,STATUS_SCHEDULED,150,22.729166666666668,4.0,0.8,1.4,-0.8,0.2,11.797429572883967,14.73331421886337,150,21.729166666666668,4.0,1.6,2.2,0.5,0.4,13.374618570361603,13.025405996706807,4.0,4.0,22.729166666666668,21.729166666666668,2026-10-02T16:17:17.134640+00:00,0.22024244877578558,0.37800451603025637,0.40175303519395805,Away Win,Buyuksehyr,0.40175303519395805,92.8236938628416,0.0717630613715841,Critical Risk,No Clear Edge,No bet,Market odds unavailable; betting value cannot be established.,2026-10-02T16:17:23.421458+00:00,,,,,,,,,,,,,,,,,,False
turkey:espn:401888380,401888380,espn,2026-10-02T11:58:49.701216+00:00,2026-10-11 13:00:00+00:00,tur.1:2026-27,tur.1-2026-27-v1,2026-10-11,14:00,Gaziantep,Çorum FK,turkey:gaziantep,turkey:corum-fk,STATUS_SCHEDULED,150,21.958333333333332,7.0,1.2,1.2,-0.7,0.2,13.261595680106986,14.966969058586995,0,,,,,,,,,7.0,,21.958333333333332,,2026-10-02T16:17:17.134640+00:00,0.30895932478420157,0.41267406711944854,0.2783666080963499,Draw,Draw,0.41267406711944854,88.69744308467112,0.11302556915328876,High Risk,No Clear Edge,No bet,Market odds unavailable; betting value cannot be established.,2026-10-02T16:17:23.421458+00:00,,,,,,,,,,,,,,,,,,False
turkey:espn:401888279,401888279,espn,2026-10-02T11:58:49.701216+00:00,2026-10-11 16:00:00+00:00,tur.1:2026-27,tur.1-2026-27-v1,2026-10-11,17:00,Besiktas,Kocaelispor,turkey:besiktas,turkey:kocaelispor,STATUS_SCHEDULED,150,20.958333333333332,9.0,2.6,1.4,0.8,0.4,18.375269342417447,10.369495816774686,40,22.083333333333332,12.0,1.4,0.4,0.0,0.3,11.934436545007966,15.993681216664065,9.0,12.0,20.958333333333332,22.083333333333332,2026-10-02T16:17:17.134640+00:00,0.7245691996445907,0.22683562640663743,0.048595173948771886,Home Win,Besiktas,0.7245691996445907,44.80193325357398,0.5519806674642602,Low Risk,Strong Home Lean,No bet,Market odds unavailable; betting value cannot be established.,2026-10-02T16:17:23.421458+00:00,,,,,,,,,,,,,,,,,,False
turkey:espn:401888284,401888284,espn,2026-10-02T11:58:49.701216+00:00,2026-10-12 17:00:00+00:00,tur.1:2026-27,tur.1-2026-27-v1,2026-10-12,18:00,Eyupspor,Goztep,turkey:eyupspor,turkey:goztep,STATUS_SCHEDULED,76,22.125,3.0,0.4,3.0,-0.7,0.2,13.01869245590635,15.278830769498892,76,22.0,2.0,1.6,2.4,-0.4,0.1,17.44673583554555,16.114252077637623,3.0,2.0,22.125,22.0,2026-10-02T16:17:17.134640+00:00,0.2751090593152505,0.27798550459654175,0.4469054360882078,Away Win,Goztep,0.4469054360882078,83.02046286401148,0.16979537135988515,High Risk,No Clear Edge,No bet,Market odds unavailable; betting value cannot be established.,2026-10-02T16:17:23.421458+00:00,,,,,,,,,,,,,,,,,,False
turkey:espn:401888377,401888377,espn,2026-10-02T11:58:49.701216+00:00,2026-10-16 17:00:00+00:00,tur.1:2026-27,tur.1-2026-27-v1,2026-10-16,18:00,Çorum FK,Rizespor,turkey:corum-fk,turkey:rizespor,STATUS_SCHEDULED,0,,,,,,,,,114,26.0,7.0,1.2,1.2,-0.4,0.2,14.586838275530745,16.42956853148632,,7.0,,26.0,2026-10-02T16:17:17.134640+00:00,0.5569836458141049,0.20034567955836916,0.242670674627526,Home Win,Çorum FK,0.5569836458141049,67.2805508574982,0.32719449142501794,Moderate Risk,Consider Home,No bet,Market odds unavailable; betting value cannot be established.,2026-10-02T16:17:23.421458+00:00,,,,,,,,,,,,,,,,,,False
turkey:espn:401888271,401888271,espn,2026-10-02T11:58:49.701216+00:00,2026-10-17 10:30:00+00:00,tur.1:2026-27,tur.1-2026-27-v1,2026-10-17,11:30,Erzurum BB,Eyupspor,turkey:erzurum-bb,turkey:eyupspor,STATUS_SCHEDULED,0,,,,,,,,,76,26.854166666666668,3.0,0.4,3.0,-0.7,0.2,13.01869245590635,15.278830769498892,,3.0,,26.854166666666668,2026-10-02T16:17:17.134640+00:00,0.5301323366911397,0.1877632250275773,0.28210443828128295,Home Win,Erzurum BB,0.5301323366911397,72.3259558425972,0.27674044157402794,Moderate Risk,No Clear Edge,No bet,Market odds unavailable; betting value cannot be established.,2026-10-02T16:17:23.421458+00:00,,,,,,,,,,,,,,,,,,False
turkey:espn:401888378,401888378,espn,2026-10-02T11:58:49.701216+00:00,2026-10-17 13:00:00+00:00,tur.1:2026-27,tur.1-2026-27-v1,2026-10-17,14:00,Amed SFK,Konyaspor,turkey:amed-sfk,turkey:konyaspor,STATUS_SCHEDULED,0,,,,,,,,,150,28.833333333333332,4.0,0.8,1.4,-0.8,0.2,11.797429572883967,14.73331421886337,,4.0,,28.833333333333332,2026-10-02T16:17:17.134640+00:00,0.6460366088185026,0.18123505882971977,0.17272833235177779,Home Win,Amed SFK,0.6460366088185026,53.26094463005392,0.4673905536994608,Low Risk,Consider Home,No bet,Market odds unavailable; betting value cannot be established.,2026-10-02T16:17:23.421458+00:00,,,,,,,,,,,,,,,,,,False
turkey:espn:401888274,401888274,espn,2026-10-02T11:58:49.701216+00:00,2026-10-17 13:00:00+00:00,tur.1:2026-27,tur.1-2026-27-v1,2026-10-17,14:00,Genclerbirligi,Galatasaray,turkey:genclerbirligi,turkey:galatasaray,STATUS_SCHEDULED,40,27.833333333333332,4.0,0.6,2.4,-0.4,0.3,11.680300312356438,15.866531471147226,150,27.833333333333332,12.0,2.2,1.6,0.4,0.3,19.428937225228136,9.740807922154746,4.0,12.0,27.833333333333332,27.833333333333332,2026-10-02T16:17:17.134640+00:00,0.09077890570352738,0.16591328198215238,0.7433078123143202,Away Win,Galatasaray,0.7433078123143202,39.97384855830334,0.6002615144169666,Low Risk,Strong Away Lean,No bet,Market odds unavailable; betting value cannot be established.,2026-10-02T16:17:23.421458+00:00,,,,,,,,,,,,,,,,,,False
turkey:espn:401888273,401888273,espn,2026-10-02T11:58:49.701216+00:00,2026-10-17 16:00:00+00:00,tur.1:2026-27,tur.1-2026-27-v1,2026-10-17,17:00,Fenerbahce,Alanyaspor,turkey:fenerbahce,turkey:alanyaspor,STATUS_SCHEDULED,150,27.083333333333332,10.0,3.0,0.8,1.2,0.4,17.76204291704078,12.41761338088559,150,28.083333333333332,10.0,1.4,1.0,0.2,0.3,11.354002660037635,13.316563722023323,10.0,10.0,27.083333333333332,28.083333333333332,2026-10-02T16:17:17.134640+00:00,0.6925078836136996,0.2458756284376938,0.061616487948606545,Home Win,Fenerbahce,0.6925078836136996,49.72888759794893,0.5027111240205107,Low Risk,Strong Home Lean,No bet,Market odds unavailable; betting value cannot be established.,2026-10-02T16:17:23.421458+00:00,,,,,,,,,,,,,,,,,,False
turkey:espn:401888276,401888276,espn,2026-10-02T11:58:49.701216+00:00,2026-10-18 10:30:00+00:00,tur.1:2026-27,tur.1-2026-27-v1,2026-10-18,11:30,Kasimpasa,Samsunspor,turkey:kasimpasa,turkey:samsunspor,STATUS_SCHEDULED,150,29.729166666666668,9.0,1.2,0.8,-0.2,0.3,11.153461859991213,12.71029553842399,114,27.854166666666668,3.0,0.6,1.8,-0.2,0.2,12.908832779568215,14.012044997783821,9.0,3.0,29.729166666666668,27.854166666666668,2026-10-02T16:17:17.134640+00:00,0.3504814722971515,0.39146715674916044,0.2580513709536882,Draw,Draw,0.39146715674916044,93.08834151391109,0.06911658486088916,Critical Risk,No Clear Edge,No bet,Market odds unavailable; betting value cannot be established.,2026-10-02T16:17:23.421458+00:00,,,,,,,,,,,,,,,,,,False
turkey:espn:401888272,401888272,espn,2026-10-02T11:58:49.701216+00:00,2026-10-18 13:00:00+00:00,tur.1:2026-27,tur.1-2026-27-v1,2026-10-18,14:00,Kocaelispor,Goztep,turkey:kocaelispor,turkey:goztep,STATUS_SCHEDULED,40,28.958333333333332,12.0,1.4,0.4,0.0,0.3,11.934436545007966,15.993681216664065,76,27.833333333333332,2.0,1.6,2.4,-0.4,0.1,17.44673583554555,16.114252077637623,12.0,2.0,28.958333333333332,27.833333333333332,2026-10-02T16:17:17.134640+00:00,0.30715272896443746,0.27380094511425607,0.4190463259213065,Away Win,Goztep,0.4190463259213065,87.79558601322061,0.12204413986779379,High Risk,No Clear Edge,No bet,Market odds unavailable; betting value cannot be established.,2026-10-02T16:17:23.421458+00:00,,,,,,,,,,,,,,,,,,False
turkey:espn:401888275,401888275,espn,2026-10-02T11:58:49.701216+00:00,2026-10-18 16:00:00+00:00,tur.1:2026-27,tur.1-2026-27-v1,2026-10-18,17:00,Buyuksehyr,Gaziantep,turkey:buyuksehyr,turkey:gaziantep,STATUS_SCHEDULED,150,28.958333333333332,4.0,1.6,2.2,0.5,0.4,13.374618570361603,13.025405996706807,150,29.083333333333332,7.0,1.2,1.2,-0.7,0.2,13.261595680106986,14.966969058586995,4.0,7.0,28.958333333333332,29.083333333333332,2026-10-02T16:17:17.134640+00:00,0.5140564655376232,0.37237666651477047,0.11356686794760638,Home Win,Buyuksehyr,0.5140564655376232,77.95520014132278,0.2204479985867722,Moderate Risk,No Clear Edge,No bet,Market odds unavailable; betting value cannot be established.,2026-10-02T16:17:23.421458+00:00,,,,,,,,,,,,,,,,,,False
turkey:espn:401888277,401888277,espn,2026-10-02T11:58:49.701216+00:00,2026-10-19 17:00:00+00:00,tur.1:2026-27,tur.1-2026-27-v1,2026-10-19,18:00,Trabzonspor,Besiktas,turkey:trabzonspor,turkey:besiktas,STATUS_SCHEDULED,150,30.0,9.0,2.4,0.8,0.5,0.2,13.45500763665225,13.339808814248972,150,29.0,9.0,2.6,1.4,0.8,0.4,18.375269342417447,10.369495816774686,9.0,9.0,30.0,29.0,2026-10-02T16:17:17.134640+00:00,0.18003620638149226,0.41092593345377854,0.40903786016472926,Draw,Draw,0.41092593345377854,92.84157712117047,0.07158422878829535,Critical Risk,No Clear Edge,No bet,Market odds unavailable; betting value cannot be established.,2026-10-02T16:17:23.421458+00:00,,,,,,,,,,,,,,,,,,False
turkey:espn:401888268,401888268,espn,2026-10-02T11:58:49.701216+00:00,2026-10-23 17:00:00+00:00,tur.1:2026-27,tur.1-2026-27-v1,2026-10-23,18:00,Alanyaspor,Kocaelispor,turkey:alanyaspor,turkey:kocaelispor,STATUS_SCHEDULED,150,34.125,10.0,1.4,1.0,0.2,0.3,11.354002660037635,13.316563722023323,40,34.125,12.0,1.4,0.4,0.0,0.3,11.934436545007966,15.993681216664065,10.0,12.0,34.125,34.125,2026-10-02T16:17:17.134640+00:00,0.31769851569817875,0.48253465172098997,0.19976683258083128,Draw,Draw,0.48253465172098997,79.92716125936482,0.20072838740635177,Moderate Risk,No Clear Edge,No bet,Market odds unavailable; betting value cannot be established.,2026-10-02T16:17:23.421458+00:00,,,,,,,,,,,,,,,,,,False
turkey:espn:401888269,401888269,espn,2026-10-02T11:58:49.701216+00:00,2026-10-24 10:30:00+00:00,tur.1:2026-27,tur.1-2026-27-v1,2026-10-24,11:30,Eyupspor,Kasimpasa,turkey:eyupspor,turkey:kasimpasa,STATUS_SCHEDULED,76,33.854166666666664,3.0,0.4,3.0,-0.7,0.2,13.01869245590635,15.278830769498892,150,35.729166666666664,9.0,1.2,0.8,-0.2,0.3,11.153461859991213,12.71029553842399,3.0,9.0,33.854166666666664,35.729166666666664,2026-10-02T16:17:17.134640+00:00,0.3462775750509169,0.31986196565946423,0.333860459289619,Home Win,Eyupspor,0.3462775750509169,98.33224731338723,0.01667752686612766,Critical Risk,No Clear Edge,No bet,Market odds unavailable; betting value cannot be established.,2026-10-02T16:17:23.421458+00:00,,,,,,,,,,,,,,,,,,False
turkey:espn:401888270,401888270,espn,2026-10-02T11:58:49.701216+00:00,2026-10-24 13:00:00+00:00,tur.1:2026-27,tur.1-2026-27-v1,2026-10-24,14:00,Gaziantep,Erzurum BB,turkey:gaziantep,turkey:erzurum-bb,STATUS_SCHEDULED,150,34.958333333333336,7.0,1.2,1.2,-0.7,0.2,13.261595680106986,14.966969058586995,0,,,,,,,,,7.0,,34.958333333333336,,2026-10-02T16:17:17.134640+00:00,0.2835426169652413,0.45342927778263775,0.263028105252121,Draw,Draw,0.45342927778263775,82.386979213948,0.17613020786052,High Risk,No Clear Edge,No bet,Market odds unavailable; betting value cannot be established.,2026-10-02T16:17:23.421458+00:00,,,,,,,,,,,,,,,,,,False
turkey:espn:401888375,401888375,espn,2026-10-02T11:58:49.701216+00:00,2026-10-24 16:00:00+00:00,tur.1:2026-27,tur.1-2026-27-v1,2026-10-24,17:00,Samsunspor,Amed SFK,turkey:samsunspor,turkey:amed-sfk,STATUS_SCHEDULED,114,34.083333333333336,3.0,0.6,1.8,-0.2,0.2,12.908832779568215,14.012044997783821,0,,,,,,,,,3.0,,34.083333333333336,,2026-10-02T16:17:17.134640+00:00,0.3263109022087598,0.4483600018241823,0.22532909596705797,Draw,Draw,0.4483600018241823,84.72173071805813,0.15278269281941875,High Risk,No Clear Edge,No bet,Market odds unavailable; betting value cannot be established.,2026-10-02T16:17:23.421458+00:00,,,,,,,,,,,,,,,,,,False
turkey:espn:401888266,401888266,espn,2026-10-02T11:58:49.701216+00:00,2026-10-25 13:00:00+00:00,tur.1:2026-27,tur.1-2026-27-v1,2026-10-25,13:00,Konyaspor,Genclerbirligi,turkey:konyaspor,turkey:genclerbirligi,STATUS_SCHEDULED,150,36.833333333333336,4.0,0.8,1.4,-0.8,0.2,11.797429572883967,14.73331421886337,40,35.833333333333336,4.0,0.6,2.4,-0.4,0.3,11.680300312356438,15.866531471147226,4.0,4.0,36.833333333333336,35.833333333333336,2026-10-02T16:17:17.134640+00:00,0.30309015279446816,0.45497394284142106,0.24193590436411075,Draw,Draw,0.45497394284142106,82.95040473872861,0.17049595261271389,High Risk,No Clear Edge,No bet,Market odds unavailable; betting value cannot be established.,2026-10-02T16:17:23.421458+00:00,,,,,,,,,,,,,,,,,,False
turkey:espn:401888376,401888376,espn,2026-10-02T11:58:49.701216+00:00,2026-10-25 16:00:00+00:00,tur.1:2026-27,tur.1-2026-27-v1,2026-10-25,16:00,Goztep,Çorum FK,turkey:goztep,turkey:corum-fk,STATUS_SCHEDULED,76,34.958333333333336,2.0,1.6,2.4,-0.4,0.1,17.44673583554555,16.114252077637623,0,,,,,,,,,2.0,,34.958333333333336,,2026-10-02T16:17:17.134640+00:00,0.5124935440838659,0.3266771246679527,0.1608293312481815,Home Win,Goztep,0.5124935440838659,76.37081651954607,0.23629183480453925,Moderate Risk,No Clear Edge,No bet,Market odds unavailable; betting value cannot be established.,2026-10-02T16:17:23.421458+00:00,,,,,,,,,,,,,,,,,,False
turkey:espn:401888264,401888264,espn,2026-10-02T11:58:49.701216+00:00,2026-10-26 16:00:00+00:00,tur.1:2026-27,tur.1-2026-27-v1,2026-10-26,16:00,Besiktas,Buyuksehyr,turkey:besiktas,turkey:buyuksehyr,STATUS_SCHEDULED,150,35.958333333333336,9.0,2.6,1.4,0.8,0.4,18.375269342417447,10.369495816774686,150,36.958333333333336,4.0,1.6,2.2,0.5,0.4,13.374618570361603,13.025405996706807,9.0,4.0,35.958333333333336,36.958333333333336,2026-10-02T16:17:17.134640+00:00,0.583578624860848,0.2927536056383996,0.12366776950075253,Home Win,Besiktas,0.583578624860848,65.77140741269633,0.34228592587303663,Moderate Risk,Consider Home,No bet,Market odds unavailable; betting value cannot be established.,2026-10-02T16:17:23.421458+00:00,,,,,,,,,,,,,,,,,,False
turkey:espn:401888267,401888267,espn,2026-10-02T11:58:49.701216+00:00,2026-10-26 16:00:00+00:00,tur.1:2026-27,tur.1-2026-27-v1,2026-10-26,16:00,Rizespor,Trabzonspor,turkey:rizespor,turkey:trabzonspor,STATUS_SCHEDULED,114,35.958333333333336,7.0,1.2,1.2,-0.4,0.2,14.586838275530745,16.42956853148632,150,36.958333333333336,9.0,2.4,0.8,0.5,0.2,13.45500763665225,13.339808814248972,7.0,9.0,35.958333333333336,36.958333333333336,2026-10-02T16:17:17.134640+00:00,0.350923034577454,0.3437480774489828,0.30532888797356333,Home Win,Rizespor,0.350923034577454,98.1132246074662,0.018867753925338022,Critical Risk,No Clear Edge,No bet,Market odds unavailable; betting value cannot be established.,2026-10-02T16:17:23.421458+00:00,,,,,,,,,,,,,,,,,,False
turkey:espn:401888265,401888265,espn,2026-10-02T11:58:49.701216+00:00,2026-10-26 18:30:00+00:00,tur.1:2026-27,tur.1-2026-27-v1,2026-10-26,18:30,Galatasaray,Fenerbahce,turkey:galatasaray,turkey:fenerbahce,STATUS_SCHEDULED,150,37.0625,12.0,2.2,1.6,0.4,0.3,19.428937225228136,9.740807922154746,150,36.1875,10.0,3.0,0.8,1.2,0.4,17.76204291704078,12.41761338088559,12.0,10.0,37.0625,36.1875,2026-10-02T16:17:17.134640+00:00,0.3733069487538156,0.3162091292831224,0.31048392196306196,Home Win,Galatasaray,0.3733069487538156,94.11597261275493,0.05884027387245072,Critical Risk,No Clear Edge,No bet,Market odds unavailable; betting value cannot be established.,2026-10-02T16:17:23.421458+00:00,,,,,,,,,,,,,,,,,,False
turkey:espn:401888259,401888259,espn,2026-10-02T11:58:49.701216+00:00,2026-10-30 17:00:00+00:00,tur.1:2026-27,tur.1-2026-27-v1,2026-10-30,17:00,Konyaspor,Galatasaray,turkey:konyaspor,turkey:galatasaray,STATUS_SCHEDULED,150,42.0,4.0,0.8,1.4,-0.8,0.2,11.797429572883967,14.73331421886337,150,41.0,12.0,2.2,1.6,0.4,0.3,19.428937225228136,9.740807922154746,4.0,12.0,42.0,41.0,2026-10-02T16:17:17.134640+00:00,0.07975463927855989,0.28561046932099043,0.6346348914004497,Away Win,Galatasaray,0.6346348914004497,58.8323803559801,0.41167619644019904,Low Risk,Consider Away,No bet,Market odds unavailable; betting value cannot be established.,2026-10-02T16:17:23.421458+00:00,,,,,,,,,,,,,,,,,,False
turkey:espn:401888373,401888373,espn,2026-10-02T11:58:49.701216+00:00,2026-10-31 10:30:00+00:00,tur.1:2026-27,tur.1-2026-27-v1,2026-10-31,10:30,Erzurum BB,Çorum FK,turkey:erzurum-bb,turkey:corum-fk,STATUS_SCHEDULED,0,,,,,,,,,0,,,,,,,,,,,,,2026-10-02T16:17:17.134640+00:00,0.47113374764035515,0.23729968616099692,0.29156656619864796,Home Win,Erzurum BB,0.47113374764035515,80.39168115903121,0.19608318840968791,High Risk,No Clear Edge,No bet,Market odds unavailable; betting value cannot be established.,2026-10-02T16:17:23.421458+00:00,,,,,,,,,,,,,,,,,,False
turkey:espn:401888257,401888257,espn,2026-10-02T11:58:49.701216+00:00,2026-10-31 13:00:00+00:00,tur.1:2026-27,tur.1-2026-27-v1,2026-10-31,13:00,Kocaelispor,Rizespor,turkey:kocaelispor,turkey:rizespor,STATUS_SCHEDULED,40,41.958333333333336,12.0,1.4,0.4,0.0,0.3,11.934436545007966,15.993681216664065,114,40.833333333333336,7.0,1.2,1.2,-0.4,0.2,14.586838275530745,16.42956853148632,12.0,7.0,41.958333333333336,40.833333333333336,2026-10-02T16:17:17.134640+00:00,0.3748151395636475,0.3165723752704285,0.3086124851659241,Home Win,Kocaelispor,0.3748151395636475,93.9334660457584,0.06066533954241606,Critical Risk,No Clear Edge,No bet,Market odds unavailable; betting value cannot be established.,2026-10-02T16:17:23.421458+00:00,,,,,,,,,,,,,,,,,,False
turkey:espn:401888258,401888258,espn,2026-10-02T11:58:49.701216+00:00,2026-10-31 16:00:00+00:00,tur.1:2026-27,tur.1-2026-27-v1,2026-10-31,16:00,Fenerbahce,Goztep,turkey:fenerbahce,turkey:goztep,STATUS_SCHEDULED,150,41.083333333333336,10.0,3.0,0.8,1.2,0.4,17.76204291704078,12.41761338088559,76,40.958333333333336,2.0,1.6,2.4,-0.4,0.1,17.44673583554555,16.114252077637623,10.0,2.0,41.083333333333336,40.958333333333336,2026-10-02T16:17:17.134640+00:00,0.6029646762291844,0.3120936817258787,0.08494164204493683,Home Win,Fenerbahce,0.6029646762291844,63.999577602858146,0.36000422397141846,Moderate Risk,Consider Home,No bet,Market odds unavailable; betting value cannot be established.,2026-10-02T16:17:23.421458+00:00,,,,,,,,,,,,,,,,,,False
turkey:espn:401888374,401888374,espn,2026-10-02T11:58:49.701216+00:00,2026-11-01 10:30:00+00:00,tur.1:2026-27,tur.1-2026-27-v1,2026-11-01,10:30,Amed SFK,Eyupspor,turkey:amed-sfk,turkey:eyupspor,STATUS_SCHEDULED,0,,,,,,,,,76,41.854166666666664,3.0,0.4,3.0,-0.7,0.2,13.01869245590635,15.278830769498892,,3.0,,41.854166666666664,2026-10-02T16:17:17.134640+00:00,0.5182229352561187,0.18197077226128958,0.2998062924825917,Home Win,Amed SFK,0.5182229352561187,74.57203728112941,0.2542796271887059,Moderate Risk,No Clear Edge,No bet,Market odds unavailable; betting value cannot be established.,2026-10-02T16:17:23.421458+00:00,,,,,,,,,,,,,,,,,,False
turkey:espn:401888261,401888261,espn,2026-10-02T11:58:49.701216+00:00,2026-11-01 13:00:00+00:00,tur.1:2026-27,tur.1-2026-27-v1,2026-11-01,13:00,Buyuksehyr,Samsunspor,turkey:buyuksehyr,turkey:samsunspor,STATUS_SCHEDULED,150,42.833333333333336,4.0,1.6,2.2,0.5,0.4,13.374618570361603,13.025405996706807,114,41.958333333333336,3.0,0.6,1.8,-0.2,0.2,12.908832779568215,14.012044997783821,4.0,3.0,42.833333333333336,41.958333333333336,2026-10-02T16:17:17.134640+00:00,0.4648162392973145,0.3982861926501542,0.13689756805253134,Home Win,Buyuksehyr,0.4648162392973145,85.39168936926936,0.14608310630730642,High Risk,No Clear Edge,No bet,Market odds unavailable; betting value cannot be established.,2026-10-02T16:17:23.421458+00:00,,,,,,,,,,,,,,,,,,False
turkey:espn:401888263,401888263,espn,2026-10-02T11:58:49.701216+00:00,2026-11-01 13:00:00+00:00,tur.1:2026-27,tur.1-2026-27-v1,2026-11-01,13:00,Trabzonspor,Gaziantep,turkey:trabzonspor,turkey:gaziantep,STATUS_SCHEDULED,150,42.833333333333336,9.0,2.4,0.8,0.5,0.2,13.45500763665225,13.339808814248972,150,42.958333333333336,7.0,1.2,1.2,-0.7,0.2,13.261595680106986,14.966969058586995,9.0,7.0,42.833333333333336,42.958333333333336,2026-10-02T16:17:17.134640+00:00,0.44251498411636575,0.435998273535962,0.12148674234767222,Home Win,Trabzonspor,0.44251498411636575,89.77623886231602,0.10223761137683976,High Risk,No Clear Edge,No bet,Market odds unavailable; betting value cannot be established.,2026-10-02T16:17:23.421458+00:00,,,,,,,,,,,,,,,,,,False
turkey:espn:401888262,401888262,espn,2026-10-02T11:58:49.701216+00:00,2026-11-01 16:00:00+00:00,tur.1:2026-27,tur.1-2026-27-v1,2026-11-01,16:00,Kasimpasa,Besiktas,turkey:kasimpasa,turkey:besiktas,STATUS_SCHEDULED,150,43.958333333333336,9.0,1.2,0.8,-0.2,0.3,11.153461859991213,12.71029553842399,150,41.958333333333336,9.0,2.6,1.4,0.8,0.4,18.375269342417447,10.369495816774686,9.0,9.0,43.958333333333336,41.958333333333336,2026-10-02T16:17:17.134640+00:00,0.09041216631645674,0.340533576618348,0.5690542570651953,Away Win,Besiktas,0.5690542570651953,69.53554120699684,0.3046445879300316,Moderate Risk,Consider Away,No bet,Market odds unavailable; betting value cannot be established.,2026-10-02T16:17:23.421458+00:00,,,,,,,,,,,,,,,,,,False
turkey:espn:401888260,401888260,espn,2026-10-02T11:58:49.701216+00:00,2026-11-02 17:00:00+00:00,tur.1:2026-27,tur.1-2026-27-v1,2026-11-02,17:00,Genclerbirligi,Alanyaspor,turkey:genclerbirligi,turkey:alanyaspor,STATUS_SCHEDULED,40,44.0,4.0,0.6,2.4,-0.4,0.3,11.680300312356438,15.866531471147226,150,44.125,10.0,1.4,1.0,0.2,0.3,11.354002660037635,13.316563722023323,4.0,10.0,44.0,44.125,2026-10-02T16:17:17.134640+00:00,0.3068060929680052,0.30488922742997443,0.38830467960202036,Away Win,Alanyaspor,0.38830467960202036,91.79180195065842,0.0820819804934158,High Risk,No Clear Edge,No bet,Market odds unavailable; betting value cannot be established.,2026-10-02T16:17:23.421458+00:00,,,,,,,,,,,,,,,,,,False
turkey:espn:401888256,401888256,espn,2026-10-02T11:58:49.701216+00:00,2026-11-06 17:00:00+00:00,tur.1:2026-27,tur.1-2026-27-v1,2026-11-06,17:00,Gaziantep,Kasimpasa,turkey:gaziantep,turkey:kasimpasa,STATUS_SCHEDULED,150,48.125,7.0,1.2,1.2,-0.7,0.2,13.261595680106986,14.966969058586995,150,49.0,9.0,1.2,0.8,-0.2,0.3,11.153461859991213,12.71029553842399,7.0,9.0,48.125,49.0,2026-10-02T16:17:17.134640+00:00,0.3247112479438495,0.4314147063620565,0.24387404569409413,Draw,Draw,0.4314147063620565,86.86939148101284,0.13130608518987166,High Risk,No Clear Edge,No bet,Market odds unavailable; betting value cannot be established.,2026-10-02T16:17:23.421458+00:00,,,,,,,,,,,,,,,,,,False
turkey:espn:401888255,401888255,espn,2026-10-02T11:58:49.701216+00:00,2026-11-07 10:30:00+00:00,tur.1:2026-27,tur.1-2026-27-v1,2026-11-07,10:30,Eyupspor,Kocaelispor,turkey:eyupspor,turkey:kocaelispor,STATUS_SCHEDULED,76,47.854166666666664,3.0,0.4,3.0,-0.7,0.2,13.01869245590635,15.278830769498892,40,48.854166666666664,12.0,1.4,0.4,0.0,0.3,11.934436545007966,15.993681216664065,3.0,12.0,47.854166666666664,48.854166666666664,2026-10-02T16:17:17.134640+00:00,0.308992560613302,0.3899276253502893,0.3010798140364088,Draw,Draw,0.3899276253502893,91.66567080439583,0.08334329195604179,High Risk,No Clear Edge,No bet,Market odds unavailable; betting value cannot be established.,2026-10-02T16:17:23.421458+00:00,,,,,,,,,,,,,,,,,,False
turkey:espn:401888250,401888250,espn,2026-10-02T11:58:49.701216+00:00,2026-11-07 13:00:00+00:00,tur.1:2026-27,tur.1-2026-27-v1,2026-11-07,13:00,Samsunspor,Konyaspor,turkey:samsunspor,turkey:konyaspor,STATUS_SCHEDULED,114,47.958333333333336,3.0,0.6,1.8,-0.2,0.2,12.908832779568215,14.012044997783821,150,49.833333333333336,4.0,0.8,1.4,-0.8,0.2,11.797429572883967,14.73331421886337,3.0,4.0,47.958333333333336,49.833333333333336,2026-10-02T16:17:17.134640+00:00,0.44203415906806853,0.40503574117934105,0.15293009975259048,Home Win,Samsunspor,0.44203415906806853,88.62737781987832,0.1137262218012168,High Risk,No Clear Edge,No bet,Market odds unavailable; betting value cannot be established.,2026-10-02T16:17:23.421458+00:00,,,,,,,,,,,,,,,,,,False
turkey:espn:401888371,401888371,espn,2026-10-02T11:58:49.701216+00:00,2026-11-07 16:00:00+00:00,tur.1:2026-27,tur.1-2026-27-v1,2026-11-07,16:00,Galatasaray,Amed SFK,turkey:galatasaray,turkey:amed-sfk,STATUS_SCHEDULED,150,48.958333333333336,12.0,2.2,1.6,0.4,0.3,19.428937225228136,9.740807922154746,0,,,,,,,,,12.0,,48.958333333333336,,2026-10-02T16:17:17.134640+00:00,0.5552308010552999,0.3376164841715254,0.10715271477317477,Home Win,Galatasaray,0.5552308010552999,71.22445359080318,0.2877554640919681,Moderate Risk,Consider Home,No bet,Market odds unavailable; betting value cannot be established.,2026-10-02T16:17:23.421458+00:00,,,,,,,,,,,,,,,,,,False
turkey:espn:401888252,401888252,espn,2026-10-02T11:58:49.701216+00:00,2026-11-07 16:00:00+00:00,tur.1:2026-27,tur.1-2026-27-v1,2026-11-07,16:00,Goztep,Buyuksehyr,turkey:goztep,turkey:buyuksehyr,STATUS_SCHEDULED,76,47.958333333333336,2.0,1.6,2.4,-0.4,0.1,17.44673583554555,16.114252077637623,150,48.958333333333336,4.0,1.6,2.2,0.5,0.4,13.374618570361603,13.025405996706807,2.0,4.0,47.958333333333336,48.958333333333336,2026-10-02T16:17:17.134640+00:00,0.4103974652633512,0.3228410741138614,0.26676146062278744,Home Win,Goztep,0.4103974652633512,89.5375900396705,0.10462409960329488,High Risk,No Clear Edge,No bet,Market odds unavailable; betting value cannot be established.,2026-10-02T16:17:23.421458+00:00,,,,,,,,,,,,,,,,,,False
turkey:espn:401888253,401888253,espn,2026-10-02T11:58:49.701216+00:00,2026-11-08 10:30:00+00:00,tur.1:2026-27,tur.1-2026-27-v1,2026-11-08,10:30,Rizespor,Erzurum BB,turkey:rizespor,turkey:erzurum-bb,STATUS_SCHEDULED,114,48.729166666666664,7.0,1.2,1.2,-0.4,0.2,14.586838275530745,16.42956853148632,0,,,,,,,,,7.0,,48.729166666666664,,2026-10-02T16:17:17.134640+00:00,0.3238723439371917,0.45262212710603067,0.22350552895677758,Draw,Draw,0.45262212710603067,84.07037948806003,0.1592962051193997,High Risk,No Clear Edge,No bet,Market odds unavailable; betting value cannot be established.,2026-10-02T16:17:23.421458+00:00,,,,,,,,,,,,,,,,,,False
turkey:espn:401888372,401888372,espn,2026-10-02T11:58:49.701216+00:00,2026-11-08 13:00:00+00:00,tur.1:2026-27,tur.1-2026-27-v1,2026-11-08,13:00,Çorum FK,Fenerbahce,turkey:corum-fk,turkey:fenerbahce,STATUS_SCHEDULED,0,,,,,,,,,150,48.958333333333336,10.0,3.0,0.8,1.2,0.4,17.76204291704078,12.41761338088559,,10.0,,48.958333333333336,2026-10-02T16:17:17.134640+00:00,0.2099738240902247,0.17243908200079924,0.617587093908976,Away Win,Fenerbahce,0.617587093908976,58.09631130235975,0.4190368869764025,Low Risk,Consider Away,No bet,Market odds unavailable; betting value cannot be established.,2026-10-02T16:17:23.421458+00:00,,,,,,,,,,,,,,,,,,False
turkey:espn:401888254,401888254,espn,2026-10-02T11:58:49.701216+00:00,2026-11-08 15:30:00+00:00,tur.1:2026-27,tur.1-2026-27-v1,2026-11-08,15:30,Alanyaspor,Trabzonspor,turkey:alanyaspor,turkey:trabzonspor,STATUS_SCHEDULED,150,50.0625,10.0,1.4,1.0,0.2,0.3,11.354002660037635,13.316563722023323,150,49.9375,9.0,2.4,0.8,0.5,0.2,13.45500763665225,13.339808814248972,10.0,9.0,50.0625,49.9375,2026-10-02T16:17:17.134640+00:00,0.22903614497557123,0.4548891048423321,0.3160747501820967,Draw,Draw,0.4548891048423321,83.46956350595178,0.1653043649404822,High Risk,No Clear Edge,No bet,Market odds unavailable; betting value cannot be established.,2026-10-02T16:17:23.421458+00:00,,,,,,,,,,,,,,,,,,False
turkey:espn:401888251,401888251,espn,2026-10-02T11:58:49.701216+00:00,2026-11-08 18:00:00+00:00,tur.1:2026-27,tur.1-2026-27-v1,2026-11-08,18:00,Besiktas,Genclerbirligi,turkey:besiktas,turkey:genclerbirligi,STATUS_SCHEDULED,150,49.041666666666664,9.0,2.6,1.4,0.8,0.4,18.375269342417447,10.369495816774686,40,50.041666666666664,4.0,0.6,2.4,-0.4,0.3,11.680300312356438,15.866531471147226,9.0,4.0,49.041666666666664,50.041666666666664,2026-10-02T16:17:17.134640+00:00,0.655804839802715,0.2838646421286236,0.06033051806866142,Home Win,Besiktas,0.655804839802715,56.00276776120072,0.43997232238799283,Low Risk,Strong Home Lean,No bet,Market odds unavailable; betting value cannot be established.,2026-10-02T16:17:23.421458+00:00,,,,,,,,,,,,,,,,,,False
turkey:espn:401888247,401888247,espn,2026-10-02T11:58:49.701216+00:00,2026-11-21 10:30:00+00:00,tur.1:2026-27,tur.1-2026-27-v1,2026-11-21,10:30,Genclerbirligi,Gaziantep,turkey:genclerbirligi,turkey:gaziantep,STATUS_SCHEDULED,40,62.729166666666664,4.0,0.6,2.4,-0.4,0.3,11.680300312356438,15.866531471147226,150,62.854166666666664,7.0,1.2,1.2,-0.7,0.2,13.261595680106986,14.966969058586995,4.0,7.0,62.729166666666664,62.854166666666664,2026-10-02T16:17:17.134640+00:00,0.322347861792075,0.3632954583028026,0.3143566799051225,Draw,Draw,0.3632954583028026,95.66203046541129,0.04337969534588702,Critical Risk,No Clear Edge,No bet,Market odds unavailable; betting value cannot be established.,2026-10-02T16:17:23.421458+00:00,,,,,,,,,,,,,,,,,,False
turkey:espn:401888369,401888369,espn,2026-10-02T11:58:49.701216+00:00,2026-11-21 13:00:00+00:00,tur.1:2026-27,tur.1-2026-27-v1,2026-11-21,13:00,Amed SFK,Rizespor,turkey:amed-sfk,turkey:rizespor,STATUS_SCHEDULED,0,,,,,,,,,114,61.833333333333336,7.0,1.2,1.2,-0.4,0.2,14.586838275530745,16.42956853148632,,7.0,,61.833333333333336,2026-10-02T16:17:17.134640+00:00,0.5306892512136813,0.18699949946443684,0.2823112493218819,Home Win,Amed SFK,0.5306892512136813,72.26140742385434,0.27738592576145654,Moderate Risk,No Clear Edge,No bet,Market odds unavailable; betting value cannot be established.,2026-10-02T16:17:23.421458+00:00,,,,,,,,,,,,,,,,,,False
turkey:espn:401888245,401888245,espn,2026-10-02T11:58:49.701216+00:00,2026-11-21 13:00:00+00:00,tur.1:2026-27,tur.1-2026-27-v1,2026-11-21,13:00,Galatasaray,Samsunspor,turkey:galatasaray,turkey:samsunspor,STATUS_SCHEDULED,150,62.833333333333336,12.0,2.2,1.6,0.4,0.3,19.428937225228136,9.740807922154746,114,61.958333333333336,3.0,0.6,1.8,-0.2,0.2,12.908832779568215,14.012044997783821,12.0,3.0,62.833333333333336,61.958333333333336,2026-10-02T16:17:17.134640+00:00,0.6094271726985475,0.28325756206343555,0.10731526523801684,Home Win,Galatasaray,0.6094271726985475,62.02827338093256,0.37971726619067436,Moderate Risk,Consider Home,No bet,Market odds unavailable; betting value cannot be established.,2026-10-02T16:17:23.421458+00:00,,,,,,,,,,,,,,,,,,False
turkey:espn:401888244,401888244,espn,2026-10-02T11:58:49.701216+00:00,2026-11-21 16:00:00+00:00,tur.1:2026-27,tur.1-2026-27-v1,2026-11-21,16:00,Kocaelispor,Fenerbahce,turkey:kocaelispor,turkey:fenerbahce,STATUS_SCHEDULED,40,63.083333333333336,12.0,1.4,0.4,0.0,0.3,11.934436545007966,15.993681216664065,150,62.083333333333336,10.0,3.0,0.8,1.2,0.4,17.76204291704078,12.41761338088559,12.0,10.0,63.083333333333336,62.083333333333336,2026-10-02T16:17:17.134640+00:00,0.10684577980204714,0.27632715315073303,0.6168270670472199,Away Win,Fenerbahce,0.6168270670472199,60.79187985626086,0.3920812014373913,Moderate Risk,Consider Away,No bet,Market odds unavailable; betting value cannot be established.,2026-10-02T16:17:23.421458+00:00,,,,,,,,,,,,,,,,,,False
turkey:espn:401888243,401888243,espn,2026-10-02T11:58:49.701216+00:00,2026-11-22 10:30:00+00:00,tur.1:2026-27,tur.1-2026-27-v1,2026-11-22,10:30,Erzurum BB,Goztep,turkey:erzurum-bb,turkey:goztep,STATUS_SCHEDULED,0,,,,,,,,,76,62.729166666666664,2.0,1.6,2.4,-0.4,0.1,17.44673583554555,16.114252077637623,,2.0,,62.729166666666664,2026-10-02T16:17:17.134640+00:00,0.41282715443998974,0.18235286910008408,0.4048199764599263,Home Win,Erzurum BB,0.41282715443998974,92.4285441519115,0.07571455848088508,Critical Risk,No Clear Edge,No bet,Market odds unavailable; betting value cannot be established.,2026-10-02T16:17:23.421458+00:00,,,,,,,,,,,,,,,,,,False
turkey:espn:401888248,401888248,espn,2026-10-02T11:58:49.701216+00:00,2026-11-22 13:00:00+00:00,tur.1:2026-27,tur.1-2026-27-v1,2026-11-22,13:00,Kasimpasa,Alanyaspor,turkey:kasimpasa,turkey:alanyaspor,STATUS_SCHEDULED,150,64.83333333333333,9.0,1.2,0.8,-0.2,0.3,11.153461859991213,12.71029553842399,150,63.958333333333336,10.0,1.4,1.0,0.2,0.3,11.354002660037635,13.316563722023323,9.0,10.0,64.83333333333333,63.958333333333336,2026-10-02T16:17:17.134640+00:00,0.23462791100078084,0.4798864189436839,0.2854856700555352,Draw,Draw,0.4798864189436839,79.01208027038827,0.20987919729611737,Moderate Risk,No Clear Edge,No bet,Market odds unavailable; betting value cannot be established.,2026-10-02T16:17:23.421458+00:00,,,,,,,,,,,,,,,,,,False
turkey:espn:401888246,401888246,espn,2026-10-02T11:58:49.701216+00:00,2026-11-22 13:00:00+00:00,tur.1:2026-27,tur.1-2026-27-v1,2026-11-22,13:00,Konyaspor,Besiktas,turkey:konyaspor,turkey:besiktas,STATUS_SCHEDULED,150,64.83333333333333,4.0,0.8,1.4,-0.8,0.2,11.797429572883967,14.73331421886337,150,62.833333333333336,9.0,2.6,1.4,0.8,0.4,18.375269342417447,10.369495816774686,4.0,9.0,64.83333333333333,62.833333333333336,2026-10-02T16:17:17.134640+00:00,0.07113011602295957,0.367621801860247,0.5612480821167934,Away Win,Besiktas,0.5612480821167934,71.61371197060183,0.2838628802939817,Moderate Risk,Consider Away,No bet,Market odds unavailable; betting value cannot be established.,2026-10-02T16:17:23.421458+00:00,,,,,,,,,,,,,,,,,,False
turkey:espn:401888249,401888249,espn,2026-10-02T11:58:49.701216+00:00,2026-11-22 16:00:00+00:00,tur.1:2026-27,tur.1-2026-27-v1,2026-11-22,16:00,Trabzonspor,Eyupspor,turkey:trabzonspor,turkey:eyupspor,STATUS_SCHEDULED,150,63.958333333333336,9.0,2.4,0.8,0.5,0.2,13.45500763665225,13.339808814248972,76,63.083333333333336,3.0,0.4,3.0,-0.7,0.2,13.01869245590635,15.278830769498892,9.0,3.0,63.958333333333336,63.083333333333336,2026-10-02T16:17:17.134640+00:00,0.34966115762297506,0.4902274473079605,0.16011139506906444,Draw,Draw,0.4902274473079605,80.1744652146433,0.19825534785356685,High Risk,No Clear Edge,No bet,Market odds unavailable; betting value cannot be established.,2026-10-02T16:17:23.421458+00:00,,,,,,,,,,,,,,,,,,False
turkey:espn:401888370,401888370,espn,2026-10-02T11:58:49.701216+00:00,2026-11-23 17:00:00+00:00,tur.1:2026-27,tur.1-2026-27-v1,2026-11-23,17:00,Buyuksehyr,Çorum FK,turkey:buyuksehyr,turkey:corum-fk,STATUS_SCHEDULED,150,65.0,4.0,1.6,2.2,0.5,0.4,13.374618570361603,13.025405996706807,0,,,,,,,,,4.0,,65.0,,2026-10-02T16:17:17.134640+00:00,0.31087622954028377,0.5675020763052393,0.12162169415447695,Draw,Draw,0.5675020763052393,68.57749468132772,0.3142250531867228,Moderate Risk,Consider Draw,No bet,Market odds unavailable; betting value cannot be established.,2026-10-02T16:17:23.421458+00:00,,,,,,,,,,,,,,,,,,False
turkey:espn:401888241,401888241,espn,2026-10-02T11:58:49.701216+00:00,2026-11-27 17:00:00+00:00,tur.1:2026-27,tur.1-2026-27-v1,2026-11-27,17:00,Alanyaspor,Konyaspor,turkey:alanyaspor,turkey:konyaspor,STATUS_SCHEDULED,150,69.125,10.0,1.4,1.0,0.2,0.3,11.354002660037635,13.316563722023323,150,70.0,4.0,0.8,1.4,-0.8,0.2,11.797429572883967,14.73331421886337,10.0,4.0,69.125,70.0,2026-10-02T16:17:17.134640+00:00,0.30717985043399176,0.5204382294524025,0.17238192011360579,Draw,Draw,0.5204382294524025,74.57161639275587,0.25428383607244126,Moderate Risk,No Clear Edge,No bet,Market odds unavailable; betting value cannot be established.,2026-10-02T16:17:23.421458+00:00,,,,,,,,,,,,,,,,,,False
turkey:espn:401888240,401888240,espn,2026-10-02T11:58:49.701216+00:00,2026-11-27 17:00:00+00:00,tur.1:2026-27,tur.1-2026-27-v1,2026-11-27,17:00,Rizespor,Kasimpasa,turkey:rizespor,turkey:kasimpasa,STATUS_SCHEDULED,114,68.0,7.0,1.2,1.2,-0.4,0.2,14.586838275530745,16.42956853148632,150,70.0,9.0,1.2,0.8,-0.2,0.3,11.153461859991213,12.71029553842399,7.0,9.0,68.0,70.0,2026-10-02T16:17:17.134640+00:00,0.34660697511290545,0.43269304915816265,0.22069997572893194,Draw,Draw,0.43269304915816265,87.55944044030987,0.12440559559690134,High Risk,No Clear Edge,No bet,Market odds unavailable; betting value cannot be established.,2026-10-02T16:17:23.421458+00:00,,,,,,,,,,,,,,,,,,False
turkey:espn:401888236,401888236,espn,2026-10-02T11:58:49.701216+00:00,2026-11-28 13:00:00+00:00,tur.1:2026-27,tur.1-2026-27-v1,2026-11-28,13:00,Samsunspor,Genclerbirligi,turkey:samsunspor,turkey:genclerbirligi,STATUS_SCHEDULED,114,68.95833333333333,3.0,0.6,1.8,-0.2,0.2,12.908832779568215,14.012044997783821,40,69.83333333333333,4.0,0.6,2.4,-0.4,0.3,11.680300312356438,15.866531471147226,3.0,4.0,68.95833333333333,69.83333333333333,2026-10-02T16:17:17.134640+00:00,0.302428091738368,0.4975503271029504,0.20002158115868174,Draw,Draw,0.4975503271029504,77.37105657633391,0.22628943423666087,Moderate Risk,No Clear Edge,No bet,Market odds unavailable; betting value cannot be established.,2026-10-02T16:17:23.421458+00:00,,,,,,,,,,,,,,,,,,False
turkey:espn:401888368,401888368,espn,2026-10-02T11:58:49.701216+00:00,2026-11-28 16:00:00+00:00,tur.1:2026-27,tur.1-2026-27-v1,2026-11-28,16:00,Gaziantep,Amed SFK,turkey:gaziantep,turkey:amed-sfk,STATUS_SCHEDULED,150,70.08333333333333,7.0,1.2,1.2,-0.7,0.2,13.261595680106986,14.966969058586995,0,,,,,,,,,7.0,,70.08333333333333,,2026-10-02T16:17:17.134640+00:00,0.21716808188678519,0.5648563933078653,0.2179755248053495,Draw,Draw,0.5648563933078653,65.28733880005299,0.3471266119994701,Moderate Risk,Consider Draw,No bet,Market odds unavailable; betting value cannot be established.,2026-10-02T16:17:23.421458+00:00,,,,,,,,,,,,,,,,,,False
turkey:espn:401888367,401888367,espn,2026-10-02T11:58:49.701216+00:00,2026-11-29 10:30:00+00:00,tur.1:2026-27,tur.1-2026-27-v1,2026-11-29,10:30,Çorum FK,Kocaelispor,turkey:corum-fk,turkey:kocaelispor,STATUS_SCHEDULED,0,,,,,,,,,40,70.85416666666667,12.0,1.4,0.4,0.0,0.3,11.934436545007966,15.993681216664065,,12.0,,70.85416666666667,2026-10-02T16:17:17.134640+00:00,0.528918857362834,0.20652926776690442,0.26455187487026166,Home Win,Çorum FK,0.528918857362834,71.79739631716234,0.2820260368283767,Moderate Risk,No Clear Edge,No bet,Market odds unavailable; betting value cannot be established.,2026-10-02T16:17:23.421458+00:00,,,,,,,,,,,,,,,,,,False
turkey:espn:401888242,401888242,espn,2026-10-02T11:58:49.701216+00:00,2026-11-29 13:00:00+00:00,tur.1:2026-27,tur.1-2026-27-v1,2026-11-29,13:00,Eyupspor,Buyuksehyr,turkey:eyupspor,turkey:buyuksehyr,STATUS_SCHEDULED,76,69.95833333333333,3.0,0.4,3.0,-0.7,0.2,13.01869245590635,15.278830769498892,150,70.83333333333333,4.0,1.6,2.2,0.5,0.4,13.374618570361603,13.025405996706807,3.0,4.0,69.95833333333333,70.83333333333333,2026-10-02T16:17:17.134640+00:00,0.15440090409438,0.3430928839944679,0.5025062119111521,Away Win,Buyuksehyr,0.5025062119111521,78.31586782006804,0.2168413217993196,Moderate Risk,No Clear Edge,No bet,Market odds unavailable; betting value cannot be established.,2026-10-02T16:17:23.421458+00:00,,,,,,,,,,,,,,,,,,False
turkey:espn:401888238,401888238,espn,2026-10-02T11:58:49.701216+00:00,2026-11-29 16:00:00+00:00,tur.1:2026-27,tur.1-2026-27-v1,2026-11-29,16:00,Fenerbahce,Erzurum BB,turkey:fenerbahce,turkey:erzurum-bb,STATUS_SCHEDULED,150,70.08333333333333,10.0,3.0,0.8,1.2,0.4,17.76204291704078,12.41761338088559,0,,,,,,,,,10.0,,70.08333333333333,,2026-10-02T16:17:17.134640+00:00,0.5055473339730345,0.44029835851227717,0.05415430751468826,Home Win,Fenerbahce,0.5055473339730345,81.72289220617157,0.18277107793828434,High Risk,No Clear Edge,No bet,Market odds unavailable; betting value cannot be established.,2026-10-02T16:17:23.421458+00:00,,,,,,,,,,,,,,,,,,False
turkey:espn:401888239,401888239,espn,2026-10-02T11:58:49.701216+00:00,2026-11-30 16:00:00+00:00,tur.1:2026-27,tur.1-2026-27-v1,2026-11-30,16:00,Goztep,Trabzonspor,turkey:goztep,turkey:trabzonspor,STATUS_SCHEDULED,76,70.95833333333333,2.0,1.6,2.4,-0.4,0.1,17.44673583554555,16.114252077637623,150,71.95833333333333,9.0,2.4,0.8,0.5,0.2,13.45500763665225,13.339808814248972,2.0,9.0,70.95833333333333,71.95833333333333,2026-10-02T16:17:17.134640+00:00,0.41721630083798267,0.3589623822176944,0.223821316944323,Home Win,Goztep,0.41721630083798267,90.06161919486856,0.09938380805131439,High Risk,No Clear Edge,No bet,Market odds unavailable; betting value cannot be established.,2026-10-02T16:17:23.421458+00:00,,,,,,,,,,,,,,,,,,False
turkey:espn:401888237,401888237,espn,2026-10-02T11:58:49.701216+00:00,2026-11-30 18:00:00+00:00,tur.1:2026-27,tur.1-2026-27-v1,2026-11-30,18:00,Besiktas,Galatasaray,turkey:besiktas,turkey:galatasaray,STATUS_SCHEDULED,150,71.04166666666667,9.0,2.6,1.4,0.8,0.4,18.375269342417447,10.369495816774686,150,72.04166666666667,12.0,2.2,1.6,0.4,0.3,19.428937225228136,9.740807922154746,9.0,12.0,71.04166666666667,72.04166666666667,2026-10-02T16:17:17.134640+00:00,0.2996537164846478,0.3869022863808429,0.3134439971345093,Draw,Draw,0.3869022863808429,92.2344668816752,0.07765533118324791,Critical Risk,No Clear Edge,No bet,Market odds unavailable; betting value cannot be established.,2026-10-02T16:17:23.421458+00:00,,,,,,,,,,,,,,,,,,False
