feature,category,dtype,missing_rate,unique_values
Division,excluded,str,0.0,1
MatchDate,excluded,str,0.0,545
KickoffTime,excluded,str,0.0,15
HomeTeam,excluded,str,0.0,30
AwayTeam,excluded,str,0.0,30
FullTimeHomeGoals,excluded,int64,0.0,9
FullTimeAwayGoals,excluded,int64,0.0,8
FullTimeResult,excluded,str,0.0,3
HalfTimeHomeGoals,excluded,float64,0.021769662921348316,6
HalfTimeAwayGoals,excluded,float64,0.021769662921348316,5
HalfTimeResult,excluded,str,0.021769662921348316,3
HomeShots,excluded,float64,0.021769662921348316,36
AwayShots,excluded,float64,0.021769662921348316,30
HomeShotsOnTarget,excluded,float64,0.021769662921348316,17
AwayShotsOnTarget,excluded,float64,0.021769662921348316,16
HomeFouls,excluded,float64,0.021769662921348316,27
AwayFouls,excluded,float64,0.021769662921348316,26
HomeCorners,excluded,float64,0.021769662921348316,17
AwayCorners,excluded,float64,0.021769662921348316,17
HomeYellowCards,excluded,float64,0.021769662921348316,10
AwayYellowCards,excluded,float64,0.021769662921348316,10
HomeRedCards,excluded,float64,0.021769662921348316,3
AwayRedCards,excluded,float64,0.021769662921348316,4
B365H,market,float64,0.023876404494382022,129
B365D,market,float64,0.023876404494382022,37
B365A,market,float64,0.023876404494382022,117
BWH,market,float64,0.12078651685393259,128
BWD,market,float64,0.12078651685393259,41
BWA,market,float64,0.12078651685393259,126
IWH,market,float64,0.6622191011235955,83
IWD,market,float64,0.6622191011235955,36
IWA,market,float64,0.6622191011235955,91
PSH,market,float64,0.18258426966292135,367
PSD,market,float64,0.18258426966292135,309
PSA,market,float64,0.18258426966292135,543
WHH,market,float64,0.33707865168539325,97
WHD,market,float64,0.33707865168539325,35
WHA,market,float64,0.33707865168539325,91
VCH,market,float64,0.5203651685393258,89
VCD,market,float64,0.5203651685393258,33
VCA,market,float64,0.5203651685393258,89
MaxH,market,float64,0.020365168539325844,339
MaxD,market,float64,0.020365168539325844,231
MaxA,market,float64,0.020365168539325844,419
AvgH,market,float64,0.020365168539325844,388
AvgD,market,float64,0.020365168539325844,301
AvgA,market,float64,0.020365168539325844,557
B365>2.5,market,float64,0.023876404494382022,53
B365<2.5,market,float64,0.023876404494382022,50
P>2.5,market,float64,0.18117977528089887,118
P<2.5,market,float64,0.18117977528089887,180
Max>2.5,market,float64,0.020365168539325844,118
Max<2.5,market,float64,0.020365168539325844,159
Avg>2.5,market,float64,0.020365168539325844,118
Avg<2.5,market,float64,0.020365168539325844,188
AHh,market,float64,0.020365168539325844,23
B365AHH,market,float64,0.037219101123595506,31
B365AHA,market,float64,0.037219101123595506,32
PAHH,market,float64,0.1797752808988764,47
PAHA,market,float64,0.1797752808988764,45
MaxAHH,market,float64,0.020365168539325844,45
MaxAHA,market,float64,0.020365168539325844,49
AvgAHH,market,float64,0.020365168539325844,41
AvgAHA,market,float64,0.020365168539325844,46
B365CH,market,float64,0.020365168539325844,127
B365CD,market,float64,0.020365168539325844,42
B365CA,market,float64,0.020365168539325844,120
BWCH,market,float64,0.125,134
BWCD,market,float64,0.125,46
BWCA,market,float64,0.125,134
IWCH,market,float64,0.660814606741573,89
IWCD,market,float64,0.660814606741573,41
IWCA,market,float64,0.660814606741573,92
PSCH,market,float64,0.17837078651685392,383
PSCD,market,float64,0.17837078651685392,320
PSCA,market,float64,0.17837078651685392,561
WHCH,market,float64,0.336376404494382,98
WHCD,market,float64,0.336376404494382,37
WHCA,market,float64,0.336376404494382,93
VCCH,market,float64,0.5133426966292135,90
VCCD,market,float64,0.5133426966292135,34
VCCA,market,float64,0.5133426966292135,89
MaxCH,market,float64,0.020365168539325844,367
MaxCD,market,float64,0.020365168539325844,271
MaxCA,market,float64,0.020365168539325844,484
AvgCH,market,float64,0.020365168539325844,403
AvgCD,market,float64,0.020365168539325844,327
AvgCA,market,float64,0.020365168539325844,586
B365C>2.5,market,float64,0.020365168539325844,58
B365C<2.5,market,float64,0.020365168539325844,54
PC>2.5,market,float64,0.17837078651685392,136
PC<2.5,market,float64,0.17837078651685392,211
MaxC>2.5,market,float64,0.020365168539325844,137
MaxC<2.5,market,float64,0.020365168539325844,188
AvgC>2.5,market,float64,0.020365168539325844,127
AvgC<2.5,market,float64,0.020365168539325844,204
AHCh,market,float64,0.021067415730337078,23
B365CAHH,market,float64,0.020365168539325844,32
B365CAHA,market,float64,0.020365168539325844,33
PCAHH,market,float64,0.17837078651685392,62
PCAHA,market,float64,0.17837078651685392,61
MaxCAHH,market,float64,0.020365168539325844,53
MaxCAHA,market,float64,0.020365168539325844,56
AvgCAHH,market,float64,0.020365168539325844,47
AvgCAHA,market,float64,0.020365168539325844,50
League,no_odds,str,0.0,1
BFH,market,float64,0.7598314606741573,81
BFD,market,float64,0.7598314606741573,33
BFA,market,float64,0.7598314606741573,82
1XBH,market,float64,0.7661516853932584,195
1XBD,market,float64,0.7661516853932584,159
1XBA,market,float64,0.7661516853932584,231
BFEH,market,float64,0.5210674157303371,190
BFED,market,float64,0.5210674157303371,89
BFEA,market,float64,0.5210674157303371,179
BFE>2.5,market,float64,0.5842696629213483,109
BFE<2.5,market,float64,0.5842696629213483,122
BFEAHH,market,float64,0.7324438202247191,50
BFEAHA,market,float64,0.7324438202247191,52
BFCH,market,float64,0.7598314606741573,85
BFCD,market,float64,0.7598314606741573,35
BFCA,market,float64,0.7598314606741573,86
1XBCH,market,float64,0.7598314606741573,217
1XBCD,market,float64,0.7598314606741573,174
1XBCA,market,float64,0.7598314606741573,248
BFECH,market,float64,0.5203651685393258,201
BFECD,market,float64,0.5203651685393258,67
BFECA,market,float64,0.5203651685393258,191
BFEC>2.5,market,float64,0.5203651685393258,109
BFEC<2.5,market,float64,0.5203651685393258,123
BFECAHH,market,float64,0.5203651685393258,50
BFECAHA,market,float64,0.5203651685393258,48
BFDH,market,float64,0.75,62
BFDD,market,float64,0.75,21
BFDA,market,float64,0.7492977528089888,64
BMGMH,market,float64,0.7865168539325843,143
BMGMD,market,float64,0.7865168539325843,48
BMGMA,market,float64,0.7865168539325843,125
BVH,market,float64,0.7605337078651685,81
BVD,market,float64,0.7605337078651685,31
BVA,market,float64,0.7605337078651685,85
CLH,market,float64,0.8518258426966292,65
CLD,market,float64,0.8518258426966292,28
CLA,market,float64,0.8518258426966292,65
LBH,market,float64,0.8462078651685393,67
LBD,market,float64,0.8462078651685393,28
LBA,market,float64,0.8462078651685393,67
BFDCH,market,float64,0.7514044943820225,63
BFDCD,market,float64,0.7514044943820225,22
BFDCA,market,float64,0.7514044943820225,63
BMGMCH,market,float64,0.7851123595505618,138
BMGMCD,market,float64,0.7851123595505618,49
BMGMCA,market,float64,0.7851123595505618,133
BVCH,market,float64,0.75,88
BVCD,market,float64,0.75,34
BVCA,market,float64,0.75,86
CLCH,market,float64,0.8504213483146067,71
CLCD,market,float64,0.8504213483146067,29
CLCA,market,float64,0.8504213483146067,68
LBCH,market,float64,0.8448033707865169,70
LBCD,market,float64,0.8448033707865169,28
LBCA,market,float64,0.8448033707865169,69
HxG,excluded,float64,0.9620786516853933,51
AxG,excluded,float64,0.9620786516853933,48
PPH,no_odds,float64,0.9620786516853933,35
PPD,no_odds,float64,0.9620786516853933,17
PPA,no_odds,float64,0.9620786516853933,34
SKBH,no_odds,float64,0.9620786516853933,33
SKBD,no_odds,float64,0.9620786516853933,19
SKBA,no_odds,float64,0.9620786516853933,32
PPCH,no_odds,float64,0.9627808988764045,34
PPCD,no_odds,float64,0.9627808988764045,20
PPCA,no_odds,float64,0.9627808988764045,35
SKBCH,no_odds,float64,0.9627808988764045,36
SKBCD,no_odds,float64,0.9627808988764045,21
SKBCA,no_odds,float64,0.9627808988764045,35
home_team_id,excluded,str,0.0,30
home_display_name,excluded,str,0.0,30
away_team_id,excluded,str,0.0,30
away_display_name,excluded,str,0.0,30
fixture_id,excluded,str,0.0,1424
league_key,excluded,str,0.0,1
edition_id,excluded,str,0.0,5
rules_version,excluded,str,0.0,5
kickoff_utc,excluded,str,0.0,1017
kickoff_precision,excluded,str,0.0,1
kickoff_lower_bound_utc,excluded,str,0.0,1017
source_clock_timezone,no_odds,str,0.0,1
status,no_odds,str,0.0,1
home_history_n,no_odds,int64,0.0,150
home_rest_days,no_odds,float64,0.008426966292134831,312
home_points_l5,no_odds,float64,0.008426966292134831,15
home_goals_for_l5,no_odds,float64,0.008426966292134831,33
home_goals_against_l5,no_odds,float64,0.008426966292134831,32
home_goal_diff_l10,no_odds,float64,0.008426966292134831,89
home_clean_sheet_l10,no_odds,float64,0.008426966292134831,27
home_shots_for_ewm10,no_odds,float64,0.008426966292134831,1385
home_shots_against_ewm10,no_odds,float64,0.008426966292134831,1387
away_history_n,no_odds,int64,0.0,150
away_rest_days,no_odds,float64,0.012640449438202247,303
away_points_l5,no_odds,float64,0.012640449438202247,15
away_goals_for_l5,no_odds,float64,0.012640449438202247,36
away_goals_against_l5,no_odds,float64,0.012640449438202247,32
away_goal_diff_l10,no_odds,float64,0.012640449438202247,97
away_clean_sheet_l10,no_odds,float64,0.012640449438202247,27
away_shots_for_ewm10,no_odds,float64,0.012640449438202247,1390
away_shots_against_ewm10,no_odds,float64,0.012640449438202247,1384
as_of,excluded,str,0.0,1017
home_xg_for_previous,no_odds,float64,1.0,0
home_xg_for_l5,no_odds,float64,1.0,0
home_xg_for_l10,no_odds,float64,1.0,0
home_xg_for_ewm5,no_odds,float64,1.0,0
home_xg_for_ewm10,no_odds,float64,1.0,0
home_xg_for_coverage_l10,no_odds,float64,1.0,0
home_xg_against_previous,no_odds,float64,1.0,0
home_xg_against_l5,no_odds,float64,1.0,0
home_xg_against_l10,no_odds,float64,1.0,0
home_xg_against_ewm5,no_odds,float64,1.0,0
home_xg_against_ewm10,no_odds,float64,1.0,0
home_xg_against_coverage_l10,no_odds,float64,1.0,0
away_xg_for_previous,no_odds,float64,1.0,0
away_xg_for_l5,no_odds,float64,1.0,0
away_xg_for_l10,no_odds,float64,1.0,0
away_xg_for_ewm5,no_odds,float64,1.0,0
away_xg_for_ewm10,no_odds,float64,1.0,0
away_xg_for_coverage_l10,no_odds,float64,1.0,0
away_xg_against_previous,no_odds,float64,1.0,0
away_xg_against_l5,no_odds,float64,1.0,0
away_xg_against_l10,no_odds,float64,1.0,0
away_xg_against_ewm5,no_odds,float64,1.0,0
away_xg_against_ewm10,no_odds,float64,1.0,0
away_xg_against_coverage_l10,no_odds,float64,1.0,0
home_finishing_vs_expectation_previous,no_odds,float64,1.0,0
home_finishing_vs_expectation_l5,no_odds,float64,1.0,0
home_finishing_vs_expectation_l10,no_odds,float64,1.0,0
home_finishing_vs_expectation_ewm5,no_odds,float64,1.0,0
home_finishing_vs_expectation_ewm10,no_odds,float64,1.0,0
home_finishing_vs_expectation_coverage_l10,no_odds,float64,1.0,0
away_finishing_vs_expectation_previous,no_odds,float64,1.0,0
away_finishing_vs_expectation_l5,no_odds,float64,1.0,0
away_finishing_vs_expectation_l10,no_odds,float64,1.0,0
away_finishing_vs_expectation_ewm5,no_odds,float64,1.0,0
away_finishing_vs_expectation_ewm10,no_odds,float64,1.0,0
away_finishing_vs_expectation_coverage_l10,no_odds,float64,1.0,0
home_xgot_for_previous,no_odds,float64,1.0,0
home_xgot_for_l5,no_odds,float64,1.0,0
home_xgot_for_l10,no_odds,float64,1.0,0
home_xgot_for_ewm5,no_odds,float64,1.0,0
home_xgot_for_ewm10,no_odds,float64,1.0,0
home_xgot_for_coverage_l10,no_odds,float64,1.0,0
home_xgot_against_previous,no_odds,float64,1.0,0
home_xgot_against_l5,no_odds,float64,1.0,0
home_xgot_against_l10,no_odds,float64,1.0,0
home_xgot_against_ewm5,no_odds,float64,1.0,0
home_xgot_against_ewm10,no_odds,float64,1.0,0
home_xgot_against_coverage_l10,no_odds,float64,1.0,0
away_xgot_for_previous,no_odds,float64,1.0,0
away_xgot_for_l5,no_odds,float64,1.0,0
away_xgot_for_l10,no_odds,float64,1.0,0
away_xgot_for_ewm5,no_odds,float64,1.0,0
away_xgot_for_ewm10,no_odds,float64,1.0,0
away_xgot_for_coverage_l10,no_odds,float64,1.0,0
away_xgot_against_previous,no_odds,float64,1.0,0
away_xgot_against_l5,no_odds,float64,1.0,0
away_xgot_against_l10,no_odds,float64,1.0,0
away_xgot_against_ewm5,no_odds,float64,1.0,0
away_xgot_against_ewm10,no_odds,float64,1.0,0
away_xgot_against_coverage_l10,no_odds,float64,1.0,0
home_shots_previous,no_odds,float64,1.0,0
home_shots_l5,no_odds,float64,1.0,0
home_shots_l10,no_odds,float64,1.0,0
home_shots_ewm5,no_odds,float64,1.0,0
home_shots_ewm10,no_odds,float64,1.0,0
home_shots_coverage_l10,no_odds,float64,1.0,0
away_shots_previous,no_odds,float64,1.0,0
away_shots_l5,no_odds,float64,1.0,0
away_shots_l10,no_odds,float64,1.0,0
away_shots_ewm5,no_odds,float64,1.0,0
away_shots_ewm10,no_odds,float64,1.0,0
away_shots_coverage_l10,no_odds,float64,1.0,0
home_shots_on_target_previous,no_odds,float64,1.0,0
home_shots_on_target_l5,no_odds,float64,1.0,0
home_shots_on_target_l10,no_odds,float64,1.0,0
home_shots_on_target_ewm5,no_odds,float64,1.0,0
home_shots_on_target_ewm10,no_odds,float64,1.0,0
home_shots_on_target_coverage_l10,no_odds,float64,1.0,0
away_shots_on_target_previous,no_odds,float64,1.0,0
away_shots_on_target_l5,no_odds,float64,1.0,0
away_shots_on_target_l10,no_odds,float64,1.0,0
away_shots_on_target_ewm5,no_odds,float64,1.0,0
away_shots_on_target_ewm10,no_odds,float64,1.0,0
away_shots_on_target_coverage_l10,no_odds,float64,1.0,0
home_xg_per_shot_previous,no_odds,float64,1.0,0
home_xg_per_shot_l5,no_odds,float64,1.0,0
home_xg_per_shot_l10,no_odds,float64,1.0,0
home_xg_per_shot_ewm5,no_odds,float64,1.0,0
home_xg_per_shot_ewm10,no_odds,float64,1.0,0
home_xg_per_shot_coverage_l10,no_odds,float64,1.0,0
away_xg_per_shot_previous,no_odds,float64,1.0,0
away_xg_per_shot_l5,no_odds,float64,1.0,0
away_xg_per_shot_l10,no_odds,float64,1.0,0
away_xg_per_shot_ewm5,no_odds,float64,1.0,0
away_xg_per_shot_ewm10,no_odds,float64,1.0,0
away_xg_per_shot_coverage_l10,no_odds,float64,1.0,0
home_xgot_minus_xg_previous,no_odds,float64,1.0,0
home_xgot_minus_xg_l5,no_odds,float64,1.0,0
home_xgot_minus_xg_l10,no_odds,float64,1.0,0
home_xgot_minus_xg_ewm5,no_odds,float64,1.0,0
home_xgot_minus_xg_ewm10,no_odds,float64,1.0,0
home_xgot_minus_xg_coverage_l10,no_odds,float64,1.0,0
away_xgot_minus_xg_previous,no_odds,float64,1.0,0
away_xgot_minus_xg_l5,no_odds,float64,1.0,0
away_xgot_minus_xg_l10,no_odds,float64,1.0,0
away_xgot_minus_xg_ewm5,no_odds,float64,1.0,0
away_xgot_minus_xg_ewm10,no_odds,float64,1.0,0
away_xgot_minus_xg_coverage_l10,no_odds,float64,1.0,0
home_inside_box_share_previous,no_odds,float64,1.0,0
home_inside_box_share_l5,no_odds,float64,1.0,0
home_inside_box_share_l10,no_odds,float64,1.0,0
home_inside_box_share_ewm5,no_odds,float64,1.0,0
home_inside_box_share_ewm10,no_odds,float64,1.0,0
home_inside_box_share_coverage_l10,no_odds,float64,1.0,0
away_inside_box_share_previous,no_odds,float64,1.0,0
away_inside_box_share_l5,no_odds,float64,1.0,0
away_inside_box_share_l10,no_odds,float64,1.0,0
away_inside_box_share_ewm5,no_odds,float64,1.0,0
away_inside_box_share_ewm10,no_odds,float64,1.0,0
away_inside_box_share_coverage_l10,no_odds,float64,1.0,0
home_set_piece_xg_share_previous,no_odds,float64,1.0,0
home_set_piece_xg_share_l5,no_odds,float64,1.0,0
home_set_piece_xg_share_l10,no_odds,float64,1.0,0
home_set_piece_xg_share_ewm5,no_odds,float64,1.0,0
home_set_piece_xg_share_ewm10,no_odds,float64,1.0,0
home_set_piece_xg_share_coverage_l10,no_odds,float64,1.0,0
away_set_piece_xg_share_previous,no_odds,float64,1.0,0
away_set_piece_xg_share_l5,no_odds,float64,1.0,0
away_set_piece_xg_share_l10,no_odds,float64,1.0,0
away_set_piece_xg_share_ewm5,no_odds,float64,1.0,0
away_set_piece_xg_share_ewm10,no_odds,float64,1.0,0
away_set_piece_xg_share_coverage_l10,no_odds,float64,1.0,0
home_open_play_xg_share_previous,no_odds,float64,1.0,0
home_open_play_xg_share_l5,no_odds,float64,1.0,0
home_open_play_xg_share_l10,no_odds,float64,1.0,0
home_open_play_xg_share_ewm5,no_odds,float64,1.0,0
home_open_play_xg_share_ewm10,no_odds,float64,1.0,0
home_open_play_xg_share_coverage_l10,no_odds,float64,1.0,0
away_open_play_xg_share_previous,no_odds,float64,1.0,0
away_open_play_xg_share_l5,no_odds,float64,1.0,0
away_open_play_xg_share_l10,no_odds,float64,1.0,0
away_open_play_xg_share_ewm5,no_odds,float64,1.0,0
away_open_play_xg_share_ewm10,no_odds,float64,1.0,0
away_open_play_xg_share_coverage_l10,no_odds,float64,1.0,0
home_blocked_rate_previous,no_odds,float64,1.0,0
home_blocked_rate_l5,no_odds,float64,1.0,0
home_blocked_rate_l10,no_odds,float64,1.0,0
home_blocked_rate_ewm5,no_odds,float64,1.0,0
home_blocked_rate_ewm10,no_odds,float64,1.0,0
home_blocked_rate_coverage_l10,no_odds,float64,1.0,0
away_blocked_rate_previous,no_odds,float64,1.0,0
away_blocked_rate_l5,no_odds,float64,1.0,0
away_blocked_rate_l10,no_odds,float64,1.0,0
away_blocked_rate_ewm5,no_odds,float64,1.0,0
away_blocked_rate_ewm10,no_odds,float64,1.0,0
away_blocked_rate_coverage_l10,no_odds,float64,1.0,0
home_header_share_previous,no_odds,float64,1.0,0
home_header_share_l5,no_odds,float64,1.0,0
home_header_share_l10,no_odds,float64,1.0,0
home_header_share_ewm5,no_odds,float64,1.0,0
home_header_share_ewm10,no_odds,float64,1.0,0
home_header_share_coverage_l10,no_odds,float64,1.0,0
away_header_share_previous,no_odds,float64,1.0,0
away_header_share_l5,no_odds,float64,1.0,0
away_header_share_l10,no_odds,float64,1.0,0
away_header_share_ewm5,no_odds,float64,1.0,0
away_header_share_ewm10,no_odds,float64,1.0,0
away_header_share_coverage_l10,no_odds,float64,1.0,0
home_chance_concentration_previous,no_odds,float64,1.0,0
home_chance_concentration_l5,no_odds,float64,1.0,0
home_chance_concentration_l10,no_odds,float64,1.0,0
home_chance_concentration_ewm5,no_odds,float64,1.0,0
home_chance_concentration_ewm10,no_odds,float64,1.0,0
home_chance_concentration_coverage_l10,no_odds,float64,1.0,0
away_chance_concentration_previous,no_odds,float64,1.0,0
away_chance_concentration_l5,no_odds,float64,1.0,0
away_chance_concentration_l10,no_odds,float64,1.0,0
away_chance_concentration_ewm5,no_odds,float64,1.0,0
away_chance_concentration_ewm10,no_odds,float64,1.0,0
away_chance_concentration_coverage_l10,no_odds,float64,1.0,0
home_xt_for_previous,no_odds,float64,1.0,0
home_xt_for_l5,no_odds,float64,1.0,0
home_xt_for_l10,no_odds,float64,1.0,0
home_xt_for_ewm5,no_odds,float64,1.0,0
home_xt_for_ewm10,no_odds,float64,1.0,0
home_xt_for_coverage_l10,no_odds,float64,1.0,0
home_xt_against_previous,no_odds,float64,1.0,0
home_xt_against_l5,no_odds,float64,1.0,0
home_xt_against_l10,no_odds,float64,1.0,0
home_xt_against_ewm5,no_odds,float64,1.0,0
home_xt_against_ewm10,no_odds,float64,1.0,0
home_xt_against_coverage_l10,no_odds,float64,1.0,0
away_xt_for_previous,no_odds,float64,1.0,0
away_xt_for_l5,no_odds,float64,1.0,0
away_xt_for_l10,no_odds,float64,1.0,0
away_xt_for_ewm5,no_odds,float64,1.0,0
away_xt_for_ewm10,no_odds,float64,1.0,0
away_xt_for_coverage_l10,no_odds,float64,1.0,0
away_xt_against_previous,no_odds,float64,1.0,0
away_xt_against_l5,no_odds,float64,1.0,0
away_xt_against_l10,no_odds,float64,1.0,0
away_xt_against_ewm5,no_odds,float64,1.0,0
away_xt_against_ewm10,no_odds,float64,1.0,0
away_xt_against_coverage_l10,no_odds,float64,1.0,0
home_vaep_total_previous,no_odds,float64,1.0,0
home_vaep_total_l5,no_odds,float64,1.0,0
home_vaep_total_l10,no_odds,float64,1.0,0
home_vaep_total_ewm5,no_odds,float64,1.0,0
home_vaep_total_ewm10,no_odds,float64,1.0,0
home_vaep_total_coverage_l10,no_odds,float64,1.0,0
away_vaep_total_previous,no_odds,float64,1.0,0
away_vaep_total_l5,no_odds,float64,1.0,0
away_vaep_total_l10,no_odds,float64,1.0,0
away_vaep_total_ewm5,no_odds,float64,1.0,0
away_vaep_total_ewm10,no_odds,float64,1.0,0
away_vaep_total_coverage_l10,no_odds,float64,1.0,0
home_vaep_offensive_previous,no_odds,float64,1.0,0
home_vaep_offensive_l5,no_odds,float64,1.0,0
home_vaep_offensive_l10,no_odds,float64,1.0,0
home_vaep_offensive_ewm5,no_odds,float64,1.0,0
home_vaep_offensive_ewm10,no_odds,float64,1.0,0
home_vaep_offensive_coverage_l10,no_odds,float64,1.0,0
away_vaep_offensive_previous,no_odds,float64,1.0,0
away_vaep_offensive_l5,no_odds,float64,1.0,0
away_vaep_offensive_l10,no_odds,float64,1.0,0
away_vaep_offensive_ewm5,no_odds,float64,1.0,0
away_vaep_offensive_ewm10,no_odds,float64,1.0,0
away_vaep_offensive_coverage_l10,no_odds,float64,1.0,0
home_vaep_defensive_previous,no_odds,float64,1.0,0
home_vaep_defensive_l5,no_odds,float64,1.0,0
home_vaep_defensive_l10,no_odds,float64,1.0,0
home_vaep_defensive_ewm5,no_odds,float64,1.0,0
home_vaep_defensive_ewm10,no_odds,float64,1.0,0
home_vaep_defensive_coverage_l10,no_odds,float64,1.0,0
away_vaep_defensive_previous,no_odds,float64,1.0,0
away_vaep_defensive_l5,no_odds,float64,1.0,0
away_vaep_defensive_l10,no_odds,float64,1.0,0
away_vaep_defensive_ewm5,no_odds,float64,1.0,0
away_vaep_defensive_ewm10,no_odds,float64,1.0,0
away_vaep_defensive_coverage_l10,no_odds,float64,1.0,0
home_ppda_previous,no_odds,float64,1.0,0
home_ppda_l5,no_odds,float64,1.0,0
home_ppda_l10,no_odds,float64,1.0,0
home_ppda_ewm5,no_odds,float64,1.0,0
home_ppda_ewm10,no_odds,float64,1.0,0
home_ppda_coverage_l10,no_odds,float64,1.0,0
away_ppda_previous,no_odds,float64,1.0,0
away_ppda_l5,no_odds,float64,1.0,0
away_ppda_l10,no_odds,float64,1.0,0
away_ppda_ewm5,no_odds,float64,1.0,0
away_ppda_ewm10,no_odds,float64,1.0,0
away_ppda_coverage_l10,no_odds,float64,1.0,0
home_field_tilt_previous,no_odds,float64,1.0,0
home_field_tilt_l5,no_odds,float64,1.0,0
home_field_tilt_l10,no_odds,float64,1.0,0
home_field_tilt_ewm5,no_odds,float64,1.0,0
home_field_tilt_ewm10,no_odds,float64,1.0,0
home_field_tilt_coverage_l10,no_odds,float64,1.0,0
away_field_tilt_previous,no_odds,float64,1.0,0
away_field_tilt_l5,no_odds,float64,1.0,0
away_field_tilt_l10,no_odds,float64,1.0,0
away_field_tilt_ewm5,no_odds,float64,1.0,0
away_field_tilt_ewm10,no_odds,float64,1.0,0
away_field_tilt_coverage_l10,no_odds,float64,1.0,0
home_high_turnovers_previous,no_odds,float64,1.0,0
home_high_turnovers_l5,no_odds,float64,1.0,0
home_high_turnovers_l10,no_odds,float64,1.0,0
home_high_turnovers_ewm5,no_odds,float64,1.0,0
home_high_turnovers_ewm10,no_odds,float64,1.0,0
home_high_turnovers_coverage_l10,no_odds,float64,1.0,0
away_high_turnovers_previous,no_odds,float64,1.0,0
away_high_turnovers_l5,no_odds,float64,1.0,0
away_high_turnovers_l10,no_odds,float64,1.0,0
away_high_turnovers_ewm5,no_odds,float64,1.0,0
away_high_turnovers_ewm10,no_odds,float64,1.0,0
away_high_turnovers_coverage_l10,no_odds,float64,1.0,0
home_counterpress_regains_5s_previous,no_odds,float64,1.0,0
home_counterpress_regains_5s_l5,no_odds,float64,1.0,0
home_counterpress_regains_5s_l10,no_odds,float64,1.0,0
home_counterpress_regains_5s_ewm5,no_odds,float64,1.0,0
home_counterpress_regains_5s_ewm10,no_odds,float64,1.0,0
home_counterpress_regains_5s_coverage_l10,no_odds,float64,1.0,0
away_counterpress_regains_5s_previous,no_odds,float64,1.0,0
away_counterpress_regains_5s_l5,no_odds,float64,1.0,0
away_counterpress_regains_5s_l10,no_odds,float64,1.0,0
away_counterpress_regains_5s_ewm5,no_odds,float64,1.0,0
away_counterpress_regains_5s_ewm10,no_odds,float64,1.0,0
away_counterpress_regains_5s_coverage_l10,no_odds,float64,1.0,0
home_avg_defensive_action_x_previous,no_odds,float64,1.0,0
home_avg_defensive_action_x_l5,no_odds,float64,1.0,0
home_avg_defensive_action_x_l10,no_odds,float64,1.0,0
home_avg_defensive_action_x_ewm5,no_odds,float64,1.0,0
home_avg_defensive_action_x_ewm10,no_odds,float64,1.0,0
home_avg_defensive_action_x_coverage_l10,no_odds,float64,1.0,0
away_avg_defensive_action_x_previous,no_odds,float64,1.0,0
away_avg_defensive_action_x_l5,no_odds,float64,1.0,0
away_avg_defensive_action_x_l10,no_odds,float64,1.0,0
away_avg_defensive_action_x_ewm5,no_odds,float64,1.0,0
away_avg_defensive_action_x_ewm10,no_odds,float64,1.0,0
away_avg_defensive_action_x_coverage_l10,no_odds,float64,1.0,0
home_ball_recovery_time_previous,no_odds,float64,1.0,0
home_ball_recovery_time_l5,no_odds,float64,1.0,0
home_ball_recovery_time_l10,no_odds,float64,1.0,0
home_ball_recovery_time_ewm5,no_odds,float64,1.0,0
home_ball_recovery_time_ewm10,no_odds,float64,1.0,0
home_ball_recovery_time_coverage_l10,no_odds,float64,1.0,0
away_ball_recovery_time_previous,no_odds,float64,1.0,0
away_ball_recovery_time_l5,no_odds,float64,1.0,0
away_ball_recovery_time_l10,no_odds,float64,1.0,0
away_ball_recovery_time_ewm5,no_odds,float64,1.0,0
away_ball_recovery_time_ewm10,no_odds,float64,1.0,0
away_ball_recovery_time_coverage_l10,no_odds,float64,1.0,0
home_box_entries_previous,no_odds,float64,1.0,0
home_box_entries_l5,no_odds,float64,1.0,0
home_box_entries_l10,no_odds,float64,1.0,0
home_box_entries_ewm5,no_odds,float64,1.0,0
home_box_entries_ewm10,no_odds,float64,1.0,0
home_box_entries_coverage_l10,no_odds,float64,1.0,0
away_box_entries_previous,no_odds,float64,1.0,0
away_box_entries_l5,no_odds,float64,1.0,0
away_box_entries_l10,no_odds,float64,1.0,0
away_box_entries_ewm5,no_odds,float64,1.0,0
away_box_entries_ewm10,no_odds,float64,1.0,0
away_box_entries_coverage_l10,no_odds,float64,1.0,0
home_progressive_passes_previous,no_odds,float64,1.0,0
home_progressive_passes_l5,no_odds,float64,1.0,0
home_progressive_passes_l10,no_odds,float64,1.0,0
home_progressive_passes_ewm5,no_odds,float64,1.0,0
home_progressive_passes_ewm10,no_odds,float64,1.0,0
home_progressive_passes_coverage_l10,no_odds,float64,1.0,0
away_progressive_passes_previous,no_odds,float64,1.0,0
away_progressive_passes_l5,no_odds,float64,1.0,0
away_progressive_passes_l10,no_odds,float64,1.0,0
away_progressive_passes_ewm5,no_odds,float64,1.0,0
away_progressive_passes_ewm10,no_odds,float64,1.0,0
away_progressive_passes_coverage_l10,no_odds,float64,1.0,0
home_progressive_carries_previous,no_odds,float64,1.0,0
home_progressive_carries_l5,no_odds,float64,1.0,0
home_progressive_carries_l10,no_odds,float64,1.0,0
home_progressive_carries_ewm5,no_odds,float64,1.0,0
home_progressive_carries_ewm10,no_odds,float64,1.0,0
home_progressive_carries_coverage_l10,no_odds,float64,1.0,0
away_progressive_carries_previous,no_odds,float64,1.0,0
away_progressive_carries_l5,no_odds,float64,1.0,0
away_progressive_carries_l10,no_odds,float64,1.0,0
away_progressive_carries_ewm5,no_odds,float64,1.0,0
away_progressive_carries_ewm10,no_odds,float64,1.0,0
away_progressive_carries_coverage_l10,no_odds,float64,1.0,0
home_direct_speed_previous,no_odds,float64,1.0,0
home_direct_speed_l5,no_odds,float64,1.0,0
home_direct_speed_l10,no_odds,float64,1.0,0
home_direct_speed_ewm5,no_odds,float64,1.0,0
home_direct_speed_ewm10,no_odds,float64,1.0,0
home_direct_speed_coverage_l10,no_odds,float64,1.0,0
away_direct_speed_previous,no_odds,float64,1.0,0
away_direct_speed_l5,no_odds,float64,1.0,0
away_direct_speed_l10,no_odds,float64,1.0,0
away_direct_speed_ewm5,no_odds,float64,1.0,0
away_direct_speed_ewm10,no_odds,float64,1.0,0
away_direct_speed_coverage_l10,no_odds,float64,1.0,0
home_passes_per_sequence_previous,no_odds,float64,1.0,0
home_passes_per_sequence_l5,no_odds,float64,1.0,0
home_passes_per_sequence_l10,no_odds,float64,1.0,0
home_passes_per_sequence_ewm5,no_odds,float64,1.0,0
home_passes_per_sequence_ewm10,no_odds,float64,1.0,0
home_passes_per_sequence_coverage_l10,no_odds,float64,1.0,0
away_passes_per_sequence_previous,no_odds,float64,1.0,0
away_passes_per_sequence_l5,no_odds,float64,1.0,0
away_passes_per_sequence_l10,no_odds,float64,1.0,0
away_passes_per_sequence_ewm5,no_odds,float64,1.0,0
away_passes_per_sequence_ewm10,no_odds,float64,1.0,0
away_passes_per_sequence_coverage_l10,no_odds,float64,1.0,0
home_team_player_attack,no_odds,float64,1.0,0
home_team_player_defense,no_odds,float64,1.0,0
home_team_player_coverage,no_odds,float64,0.0,1
home_lineup_attack_delta,no_odds,float64,1.0,0
home_lineup_defense_delta,no_odds,float64,1.0,0
home_lineup_coverage,no_odds,float64,0.0,1
home_lineup_continuity,no_odds,float64,1.0,0
home_lineup_missing_starter_value,no_odds,float64,1.0,0
home_lineup_bench_attack,no_odds,float64,1.0,0
home_lineup_bench_defense,no_odds,float64,1.0,0
home_lineup_is_confirmed,no_odds,float64,0.0,1
home_confirmed_lineup_attack_delta,no_odds,float64,1.0,0
home_confirmed_lineup_defense_delta,no_odds,float64,1.0,0
home_confirmed_lineup_coverage,no_odds,float64,1.0,0
home_keeper_strength,no_odds,float64,1.0,0
home_keeper_effective_minutes,no_odds,float64,1.0,0
home_keeper_shots_on_target_faced,no_odds,float64,1.0,0
home_keeper_start_probability,no_odds,float64,1.0,0
home_keeper_claim_rate,excluded,float64,1.0,0
home_keeper_distribution_accuracy,excluded,float64,1.0,0
home_keeper_vaep_defensive,no_odds,float64,1.0,0
home_keeper_sweeper_actions,excluded,float64,1.0,0
away_team_player_attack,no_odds,float64,1.0,0
away_team_player_defense,no_odds,float64,1.0,0
away_team_player_coverage,no_odds,float64,0.0,1
away_lineup_attack_delta,no_odds,float64,1.0,0
away_lineup_defense_delta,no_odds,float64,1.0,0
away_lineup_coverage,no_odds,float64,0.0,1
away_lineup_continuity,no_odds,float64,1.0,0
away_lineup_missing_starter_value,no_odds,float64,1.0,0
away_lineup_bench_attack,no_odds,float64,1.0,0
away_lineup_bench_defense,no_odds,float64,1.0,0
away_lineup_is_confirmed,no_odds,float64,0.0,1
away_confirmed_lineup_attack_delta,no_odds,float64,1.0,0
away_confirmed_lineup_defense_delta,no_odds,float64,1.0,0
away_confirmed_lineup_coverage,no_odds,float64,1.0,0
away_keeper_strength,no_odds,float64,1.0,0
away_keeper_effective_minutes,no_odds,float64,1.0,0
away_keeper_shots_on_target_faced,no_odds,float64,1.0,0
away_keeper_start_probability,no_odds,float64,1.0,0
away_keeper_claim_rate,excluded,float64,1.0,0
away_keeper_distribution_accuracy,excluded,float64,1.0,0
away_keeper_vaep_defensive,no_odds,float64,1.0,0
away_keeper_sweeper_actions,excluded,float64,1.0,0
home_lineup_status,excluded,str,0.0,1
away_lineup_status,excluded,str,0.0,1
home_keeper_id,excluded,float64,1.0,0
away_keeper_id,excluded,float64,1.0,0
field_tilt_gap,no_odds,float64,1.0,0
direct_speed_gap,no_odds,float64,1.0,0
home_press_vs_away_buildup,no_odds,float64,1.0,0
home_territory_pressure,no_odds,float64,1.0,0
home_creation_quality,no_odds,float64,1.0,0
away_press_vs_home_buildup,no_odds,float64,1.0,0
away_territory_pressure,no_odds,float64,1.0,0
away_creation_quality,no_odds,float64,1.0,0
feature_observed_at,excluded,float64,1.0,0
home_shot_quality_ewm10,no_odds,float64,1.0,0
away_shot_quality_ewm10,no_odds,float64,1.0,0
Season,excluded,str,0.0,5
HomeTeamPointsLast5,no_odds,float64,0.008426966292134831,15
AwayTeamPointsLast5,no_odds,float64,0.012640449438202247,15
HomeRestDays,no_odds,float64,0.008426966292134831,312
AwayRestDays,no_odds,float64,0.012640449438202247,303
HomeGoalsAve,excluded,float64,0.008426966292134831,33
AwayGoalsAve,excluded,float64,0.012640449438202247,36
feature_timestamp,excluded,str,0.0,1017
